JAVA开发工程师（大数据和AI中心）,数据中心网络,7-12K,重庆,中国电信股份有限公司重庆分公司,"后端工程师,Java,MySQL,Spring",5-10年,社招,数据中心网络,2023/1/13,"专业经历及能力要求:
1、学历（本科以上学历，计算机相关专业，5年以上工作经验。）
2、有扎实的Java语言基础，熟练掌握Java语言及相关开发工具；
3、精通SpringBoot、SpringCloud、Hibernate、SpringMvc等技术； 
4、熟练使用常用的前端框架，如React.js、Angular.js、node.js框架等；
5、具有丰富的oracle或mysql使用与开发经验；
6、熟悉Nginx、Tomcat等常见应用服务器；
7、熟悉项目构建工具，如：Maven、Gradle等
8、有具备良好的逻辑分析能力，对技术有强烈的兴趣，喜欢钻研；
9、良好的沟通技巧、团队合作精神，善于沟通和表达，有很强的责任心
10、工作积极主动、敬业，能承受较大工作压力。
岗位职责：
1、根据项目的需求、项目经理要求完成相关的工作
2、根据需求参与功能模块的需求分析，编写功能模块的概要设计文档
3、功能模块的代码编写、测试、部署和集成
4、对已有的产品功能模块进行升级和维护
5、新技术研究及创新
6、遵守开发流程及编写相关文档"
大数据平台研发工程师-查询引擎方向,数据中心网络,25-50K,上海,数数信息科技（上海）有限公司,"presto,组件优化,查询引擎",5-10年,社招,数据中心网络,2023/1/13,"职位描述： 
1. 负责大数据基础平台架构建设和研发； 
2. 负责大数据存储系统和计算引擎相关研究、特性研发和性能调优，偏向于存储引擎； 
3. 负责大数据系统整体及组件的性能、效率、稳定性分析与优化。
职位要求： 
1. 熟悉HDFS/Hive metastore/Kudu/Kafka等大数据技术和组件，有3年以上大数据组件的使用和二次研发经验； 
2. 熟悉MPP架构，熟悉Presto/Impala/Clickhouse等OLAP引擎, Spark/Flink计算引擎，有源码级别的特性增加或调优经验； 
3. 熟悉kudu/对象存储/数据湖（Hudi/Iceberg等）等多种存储解决方案；
4. 具备扎实的计算机基础，熟悉分布式系统研发； 
5. 精通Java研发语言，具有良好的编程研发能力； 
6. 对新技术敏感，有一定独立分析，技术研究能力，具有良好的团队合作精神； 7. 能够深刻理解业务，善于利用技术实现相关业务价值。"
网络数据专员,数据中心网络,6-9K,哈尔滨,成都雨幕网络技术有限公司,月休四天,经验不限,社招,数据中心网络,2023/1/13,身体健康，男女不限，有意向请详谈。
网络货运数据经理,数据中心网络,5-6K,鄂尔多斯,鄂尔多斯市煤炭网有限公司,"数据平台搭建经验,渠道数据分析经验,电商,人工智能,互联网金融,平台类产品",1-3年,社招,数据中心网络,2023/1/13,"1、任职条件
①、大专及以上学历，男女不限，35周岁以下，具有网络货运统计、实体物流统计等相关统计工作经验者优先；
②、熟练使用各种办公软件，具备较强的沟通能力，有极强的团队合作精神；
③、熟悉网络货运平台的流程操作，数据分析；
2、工作内容：负责网络货运平台数据上传、统计、数据分析"
车载网络诊断工程师-重庆研发中心,数据中心网络,12-22K,重庆,延锋伟世通投资有限公司,"CAN,Lin,UDS",3-5年,社招,数据中心网络,2023/1/13,"岗位职责：
1）负责车载产品的网络，诊断，FBL的软件开发与测试
2）负责软件需求，详细设计，单元测试及集成测试的文档设计与编写
3）负责与其它职能块工程师的合作与开发
4）负责车载产品中网络、诊断、FBL相关问题的验证与解决
5）支持项目报价中网络、诊断、FBL相关的领域
任职要求：
1）3年以上的C/C++编码经验，有扎实的C语言功底者优先考虑
2）2年以上的汽车电子网络、诊断、FBL领域的开发者优先"
网络工程师,数据中心网络,5-7K,鄂尔多斯,鄂尔多斯市腾远煤炭有限责任公司,"路由器配置,网络自动化,网络规划设计,故障处理",1-3年,社招,数据中心网络,2023/1/13,"1、岗位职责
(1)负责网络及其设备的维护、管理、故障排除等日常工作，确保公司网络日常的正常运作；
(2)负责公司办公室软硬件和桌面系统的日常维护；
(3)安装和维护公司计算机、服务器系统软件和应用软件；
(4)解决排除各种软硬件故障，做好记录，定期制作系统运行报告；
(5)维护数据中心，对系统数据进行备份；
(6)简单数据库SQL语言。
2、任职要求：
（1）1年以上网络运维管理经验；
（2）工作主动性强，耐心细致，有责任心；
（3）学习能力强，善于分析、思考问题。"
网络工程师,数据中心网络,13-17K,宁波,乐歌人体工学科技股份有限公司,"网络运维经验,网络建设/系统集成经验,CCNA/CCNP,HCNA/HCNP",5-10年,社招,数据中心网络,2023/1/13,"岗位职责:
1、负责数企业内部网络运维安全管理工作和数据中心管理
2、挖掘和发现目前整体网络运行体系中存在的问题和不足，提出具体改进方案并推进实施。
3、负责内部网络设备安全管理、配置、维护和监控
4、负责内部网络资料的管理和完善。
5、完成上级交办的其他工作。
任职要求:
1、具有园区网、ISP城域网、企业网、金融网、数据中心网等领域运维实施工作经验5年以上。
2、熟悉主流设备厂商路由器、交换机、防火墙、无线设备配置及运维，持有HCIP、CCNP或同等以上能力者优先。
3、精通至少一个行业主流组网方案、冗余备份解决方案。并有实施部署、运维经验。
4、对VPN、zabbix、liunx等技术有所了解。
5、具有一定的分析、解决复杂网络问题的能力，有网络建设项目的方案设计、规划、实施和维护经验者优先。
6、良好的逻辑思维能力、团队合作意识，善于发现问题并提出解决办法；
7、全日制本科以上学历"
网络工程师,数据中心网络,4-6K,武汉,武汉明道泰和信息技术有限公司,"网络运维,运维,安全运维,运维工程师",1-3年,社招,数据中心网络,2023/1/13,"职位信息
1.负责驻场单位云数据中心网络运维服务，设备运行监控、巡检等日常工作。
2.负责驻场单位云数据中心网络的故障分析，应急处理，问题定位，提供解决方案并解决网络故障，负责应急事件的沟通协调工作（故障的处理、申告、报修、跟踪）。
3.具有一定的文案基础，负责记录网络日常巡检报告和排错等技术文档。
4.根据用户需求拟定技术方案，提供技术支持。
5.完成领导交办的其他工作。
岗位要求：
1.具备1年以上信息系统集成或运维服务工作经验(应届毕业生也可)；
2.熟悉信息系统网络运维、管理流程；
3.具备独立完成网络系统安装、部署、调试、变更和网络故障的处置工作能力；
4.熟悉TCP/IP协议，熟悉交换机、防火墙等网络安全设备的配置管理；
5.对主流安全厂家设备有一定调试维护经验优先；
6.具有大型网络系统建设或维护经验优先；
7.具有网络系统相关资质证书（CCNP或同级别以上）优先。
8.有良好的团队合作意识及服务意识，诚实敬业，有良好的沟通和语言表达能力。
待遇：
五险、年终奖、话费补贴，交通补贴........"
网络工程师,数据中心网络,10-15K,重庆,同方有云（北京）科技有限公司,"CCIE证书,HCIE",1-3年,社招,数据中心网络,2023/1/13,"岗位要求：
1. 计算机、网络相关专业，大专及以上学历
2. 熟悉OSPF、BGP、MPLS、ISIS等网络技术。熟悉路由、交换、防火墙产品，至少熟悉一家主流厂商的配置命令。
3. 对云网架构数据中心有一定认知，了解OpenStack、SDN、VXLAN等技术原理
4. 勇于承担责任，处事理智、果断，良好的积极性、主动性和独立性，具有较好的组织管理能力和沟通表达能力。
5. 具有与客户、公司及合作伙伴保持良好关系的意愿与能力。
6. 良好的品德和道德观念，对公司的相关信息具有严格保密意识。
7. 适应出差。
岗位职责：
1. 负责客户数据中心、网络项目规划协调工作。
2. 负责网络设备的安装、配置、管理。完善网络系统的相关文档。
3. 负责集成实施项目的支撑、交付工作。
加分项：
有运营商行业工作经验的优先考虑
有华为、华三、锐捷等厂商数通方向认证证书优先考虑
拥有SDN数据中心项目经验者优先考虑
熟悉Linux等主流操作系统者优先考虑"
网络工程师,数据中心网络,10-15K,乌鲁木齐,新疆数字兵团信息产业发展有限责任公司,"网络运维,运维,安全运维,系统运维,网络交换技术,负载均衡技术,CCNP证书,网络工程师证",3-5年,社招,数据中心网络,2023/1/13,"任职要求
1、全日制大学本科学校毕业及以上学历，计算机或者相关专业；
2、3到5年以上，大型互联网企业或IT企业网络系统、大型数据中心、网络安全体系的架构规划、设计、实施、维护经验；
3、熟练掌握MPLS-VPN，BGP,OSPF，对运营商承载网和省级政务外网有运维经验者优先。要求对网络安全体系有深入理解，有网络安全时间的紧急处置经验和能力，熟悉各类网络安全产品体系；
4、具有丰富网络故障排除经验，具备突出的分析及解决问题能力，并善于主动总结和分享自己的工作经验；
5、对网络流量、网络拥塞、网络路由或路由选择协议、常见网络设备配置等方面，有丰富的理论与从业经验；
6、具有较强的整合利用网络资源能力，敏锐的网络环境洞察能力及良好的安全管理意识，有较强的网络环境与安全的制定与排查故障能力，熟悉病毒防护、路由器、交换机、防火墙配置管理，熟悉 Linux、Windows系统的系统安全管理及网络管理；
7、精通IP路由及交换机技术，熟悉各类网络产品（交换机、路由器、防火墙等）的配置和管理；
8、对网络协议分析有深入理解，并熟练掌握网络协议解析、网络流量控制与分析的方法；
9、精通IDC常用技术以及产品，如4-7层交换、负载均衡技术、内容发布网络、DNS技术、虚拟化技术；
10、具有互联网公司100台服务器以上的运维工作经验；
11、具备一定开发能力，能够编写自动化运维工具。
12、具有CCIE认证者优先。"
网络管理员,数据中心网络,8-10K,宁波,浙江一木智能科技有限公司,"Linux,Windows",3-5年,社招,数据中心网络,2023/1/13,"1、负责公司办公司计算机、服务器、网络设备、办公软件的故障排除、维护保养、管理等技术支持工作； 
2、打印机、复印机、传真机、激光打标机、实验室设备相关维护；（硬件维修，diy能力强优先）
3、负责公司弱电系统（监控、门禁、程控电话、光线设备等）；
4、维护数据中心，对系统数据进行备份，raid搭建，服务器安全意识强，熟悉windowsserver服务器；
5、负责公司内部局域网的管理，保证网络及信息化应用系统正常运转；（熟悉H3C设备或者华为设备配置优先）
6、负责车间一体机维修，维护，以及车间网络的通畅 。
7、负责公司计算机及网络病毒的查杀和清除，参与公司网络的优化和建设，配合相关的网络项目实施；"
网络工程师,数据中心网络,10-15K,宁德,时代一汽动力电池有限公司,"计算机相关专业,通信/工程相关专业",3-5年,社招,数据中心网络,2023/1/13,"岗位职责：
1、负责数据中心网络建设、运维及IT服务运维；
2、负责新工厂园区局域网、无线网、广域网、办公系统、VPN的建设运维。
任职要求：
1、本科学历，计算机及相关专业；
2、熟悉TCP/IP、OSPE、BGP等路由交换协议，熟悉STP、VLAN、ACL的原理及配置；
3、能独立对各类基础网络设备进行日常管理，熟练使用抓包分析工具；
4、有独立运维基于三层网络，不少于1000个网络节点的网络运维经验；
5、熟悉Zabbix、solarwind、PRTG等网络监控平台，熟悉IPsec VPN、MPLS VPN等技术；
6、具有CCNP/H3CSE/H3CTE/CCIE者优先。"
网络工程师,数据中心网络,9-16K,北京,北京多联元信息技术有限公司,"网络,Cisco,IT支持",3-5年,社招,数据中心网络,2023/1/13,"1、负责数据中心网络架构规划、设计与建设，并持续优化;
2、负责数据中心网络相关设备的调试和运维工作;
3、解决网络突发性问题，能够快速定位排障，保障网络层稳定；
4、负责制定和优化割接方案，提升网络SLA保证可用性。
任职要求：
1、专科及以上学历，3年及以上大型网络的规划、设计、运维及优化经验；
2、深入了解TCPIP协议，精通OSPF、ISIS、BGP等常用路由协议，精通常用网络技术如Qos、VRRP、VLAN、ACL、RRPP等；
3、具有较强的实际操作能力，具有分析、解决复杂网络问题的能力，熟悉Cisco，H3C，Huawei等主流网络厂商产品技术及产品架构；
4、有一定的网络安全经验，了解常见的攻击手法和漏洞产生的原因；
5、具有良好的敬业精神和团队协作能力，以及较好的沟通表达能力；
6、有系统集成经验或运营商IP数据网络项目施工经验者优先。"
网络工程师,数据中心网络,7-12K,上海,尔司网络科技（上海）有限公司,"CCNP证书,网络工程师证,交换机配置,故障处理,IDC维护,IDC建立,路由器配置,HCNP",1年以内,社招,数据中心网络,2023/1/13,"【职位描述】
1. 负责为客户上线终端设备并调试；
2. 负责各地数据中心维护与建设；
3. 企业内网建设与维护；为企业各区域生产网络和办公网络提供基础技术支持；
4. 负责网络故障跟踪并最终解决、分析故障原因、提交故障报告；负责网络故障处理过程中的定位、协调；
【职位要求】
学历要去：专科以上
专业要求：计算机或相关信息类专业
工作经验：1年企业网络工作经验
专业知识：熟悉 TCP/IP, MPLS, BGP, OSPF，IPSEC VPN, Wireless，VOIP，VC等技术;具备TroubleShooting能力,熟悉网管软件及工具;能够配置多厂商路由交换等设备及各种协议.
英语能力：英语听说读写熟练；
能力要求：良好的学习能力、思维能力、表达能力、信息收集及分析能力，适应团队合作，有担当；高度责任心，了解企业 ITIL 管理方式；
相关认证：CCNP（含CCNP）以上技术认证.
其它：愿意24小时待命以响应IT紧急事件或事故"
网络工程师,数据中心网络,25-50K,天津,渤海银行股份有限公司,"运维通信资格证书,CCIE证书,网络设备,网络安全",经验不限,社招,数据中心网络,2023/1/13,"职责描述：
1、负责公司整体的网络规划设计、项目实施、安全管理和日常维护。
2、负责运营网络的日常运行分析、主动维护、日常故障处理等保障工作。
3、负责规划、执行数据中心网络的扩容、改造等相关优化建设项目工作。
4、负责互联网质量监测、分析、优化工作，撰写运行质量的分析报表。
任职要求：
1、全日制本科及以上学历，网络通信、信息安全、计算机等相关专业优先；
2、熟练掌握主流网络设备的性能特性及安装部署，具备路由器、交换机、防火墙等设备的配置、排错能力。
3、精通 TCP/IP 协议栈,精通主流路由协议和交换技术，精通数据中心网络技术，熟悉视频会议、VoIP、网络安全、无线 WiFi 等网络技术，具备丰富的大型网络规划、建设、管理和运维经验者优先；
4.精通互联网缓存、CDN、DNS 等技术原理，熟练掌握智能 DNS 解析、链路负载均衡、应用负载均衡、WAF、IDS、IPS、代理网关、上网行为管理等网络安全设备的工作原理，并具备一定的安装、调试、排错经验；
5、熟悉一种开源网络监控方案，如 Cacti、Zabbix，Nagios 等；
6、具备熟练编写脚本代码的能力，同时具有相关专业资格认证（CCIE、H3CIE、HCIE、CISSP、F5、JUNPIER、CISP 证书）者优先。"
网络工程师,数据中心网络,3-4K,昆明,广州咨元信息科技有限公司,负载均衡,1-3年,社招,数据中心网络,2023/1/13,"1、负责协助运营商数据中心IP网络（核心网）安全稳定运行的一系列工作；
2、对思科核心路由器，核心交换机，华为防火墙，Juniper防火墙等网络核心进行维护工作，保障网络可靠性为99.99%。
3、协助对路由交换设备网管告警与网络故障的发现，联合多部门完成对问题的解决与分析，并提交可靠性的分析报告； 
4、协助运营商业务或运维系统中故障的快速处理； 
5、配合运营商定期开展的倒换测试、安全演练以及相关各类检查工作； 
6、配合分公司完成业务接入相关的数据制作与数据更新；
7、执行日常巡检，业务支撑。
8、接受项目经理交待的其它事宜。
职位要求：
1、热爱技术，热爱岗位，有团队精神、责任感，并具备较强的服务意识； 
2、精通数通相关知识，熟悉VLAN、STP、OSPF、IS-IS、BGP、HSRP、VRRP、TCP/IP、等技术，持有思科或华为等中级及以上网络资质认证证书者优先； 
3、接触过思科N7K核心交换机，Juniper MX系列和SRX系列设备，有NTA、DDOS、IDS、IPS、负载均衡，流量清洗等经验者优先。
4、语言组织能力强，具备较强的沟通能力。 
5、熟练掌握OFFICE系列办公软件，有一定的文档撰写及汇报经验； 
6、有较强的协作能力和独立处理事务的能力，有较强的抗压能力，能适应定期加班和节假日值班； 
7、思维灵敏，勤奋好学，善于进行工作总结，能够发现并改进在工作态度，工作方法等方面的问题。 
8、拥有HCIA，CCIA及以上证书。"
网络工程师,数据中心网络,6-10K,北京,北京航天星桥科技股份有限公司,"网络运维,安全运维,运维工程师",5-10年,社招,数据中心网络,2023/1/13,"1. 参与数据中心网络的日常基础建设，能够配合客户一起完成网络实施等工作；
2. 能够独立完成数据中心网络的基础管理、配置、排错、维护等工作；
3. 负责日常的驻场运维工作，对网络设备巡检及相关的数据记录、汇总工作；
4. 熟悉防火墙的日常配置，如策略调整等；
5. 能够熟练使用某一种网络监控工具，能够生成网络质量报表来查看和分析网络质量；
6. 负责网络设备的安装、配置、管理，提供网络设备维护方案；
7. 按时完成客户分配的其他项目工作任务；
岗位要求：
1.熟悉TCP/IP协议，路由交换技术（OSPF、VRF、组播、VLAN、HSRP、ACL、NAT、重分布等）、数据中心技术（VDC、VPC）、网络防火墙技术（状态检测机制、会话机制、安全策略、NAT、VPN、HA）等；
2.熟悉华为、H3C、思科、JUNIPER等主流厂商设备
3.有1-2年以上网络项目集成或中大型企业网络运维经验；
4.具备良好的语言表达能力、沟通能力、责任心及团队合作意识；
5.具备CCNP水平
6.大专以上学历，IT相关专业"
网络工程师,数据中心网络,20-40K,北京,宁波灵均投资管理合伙企业（有限合伙）,"通信/工程相关专业,网络建设/系统集成经验,网络安全相关经验,CCNA/CCNP,CCIE,HCIE",5-10年,社招,数据中心网络,2023/1/13,"岗位职责：
1．负责IT设备、IT数据中心、IT安全等事务；负责网络自动化运维平台的设计、研发；负责网络相关项目技术方案、部署与项目实施管理； 
2．负责网络设备和网络环境的日常的维护、排错，并提供维护方案；负责网络安全、网络质量及网络设备的监控(Outlook、互联网接入线路、VPN专线、服务器、交换机、路由器、防火墙、Microsoft Windows server等)；负责内部网络安全准入机制整改；
3．负责网络故障跟踪并最终解决、分析故障原因、提交故障报告；负责网络故障处理过程中的定位、协调。
4. 支持 Cloud 平台、开发运维团队以及其他团队对网络的需求；
5. 支持无线／网络安全／语音／路由交换设备以及企业网络的建设，运维和日常变更；
任职要求：
1．计算机相关专业全日制本科及以上，5年以上大型网络／网络安全／语音平台／无线网络相关经验，具备 CCNP 证书或 CCIE 证书（或者华为、华三同等级别的证书）；
2．对网络安全有着一定的理解，熟练掌握 Cisco /H3C及主流7层应用防火墙以及相关认证系统的配置、实施与维护；有一定搭建网络安全运维体系的经验；
3．对 WIFI 原理有深入了解，有独立安装、调试及维护 Aruba / Cisco /H3C无线终端的经验和能力；
4．具有3年以上中型网络项目实施、维护经验； 
5．熟悉 TCP / IP 原理、 BGP 等常用路由协议及交换技术，熟悉 MPLS VPN 及其它常见 VPN 协议及应用并有相关实际工作经验；深入了解 TCP / IP 协议，熟练使用主流的抓包软件对网络故障分析和排查；
6．熟悉 Cisco 、华为、 Juniper 、华三设备或其中之一的配置和管理； 
7．有较强的信息安全意识；具有一定的抗压和自驱能力，高度的责任心、良好的团队工作能力并具备较强的分析、判断和解决问题的能力，善于发掘和使用各种工具来提升工作专业性。"
网络工程师,数据中心网络,6-10K,武汉,武汉瑞桥科技有限公司十堰分公司,"H3CSE,H3CiE",经验不限,社招,数据中心网络,2023/1/13,"职责描述
1、负责客户网络相关产品的维护及管理工作，网络、存储、服务器、数据中心相关产品的工程项目交付及维护管理工作;
2、承担网络工程师职责，从事上述产品维护和故障分析，支撑IT产品的日常维护、故障定位、问题处理和性能优化。
任职要求:
1、具备有效沟通能力:与中基层客户有效沟通技术方案、项目计划和进度等，获得客户支持和认可。
2、具备客户需求分析与引导能力:正确理解、有效分析和管理客户需求。
3、具备项目管理能力:初步掌握项目管理基本方法和工具，并运用到工作中，具备项目技术管理成功实践。
4、技术要求:掌握网络、服务器、存储、云计算等基础知识。
5、熟悉新华三网络/安全产品或其它厂商网络、安全项目实施经验者优先考虑。
6、具有H3CSE、H3CiE-证书优先;"
网络技术专员,数据中心网络,4-9K,宁波,宁波晨客创诚电子商务有限公司,硬件,1-3年,社招,数据中心网络,2023/1/13,"岗位职责：
1、负责网络及其设备的维护、管理、故障排除等日常工作，确保合作企业网络日常的正常运作；
2、负责合作企业办公环境的软硬件和桌面系统的日常维护；
3、维护和监控合作企业局域网、广域网，保证其正常运行，确保局域网、广域网在工作期间内安全稳定运行；
4、安装和维护合作企业计算机、服务器系统软件和应用软件，同时为其他部门提供软硬件技术支持；
5、解决排除各种软硬件故障，做好记录，定期制作系统运行报告；
6、维护数据中心，对系统数据进行备份，
7、计算机相关的维护。
任职资格：
1、计算机相关专业，本科或以上学历，欢迎应届毕业生的加入；
2、熟悉和掌握各种计算机软硬件，可独立进行安装、调试及故障排除；
3、工作主动性强，耐心细致，有责任心，具备团队合作精神。
工作时间：8：00-17:00，中午休息一个半小时，包午餐，单休。
福利：******，每年体检，不定期团建活动。"
网络维护专员,数据中心网络,3-5K,天津,天津市金角酒店有限公司,"网络运维,安全运维,系统运维,桌面运维,网络设备,计算机软件,IT技术支持",经验不限,社招,数据中心网络,2023/1/13,"岗位职责：
1、负责网络及其设备的维护、管理、故障排除等日常工作，确保公司网络日常的正常运作；
2、负责公司办公环境的软硬件和桌面系统的日常维护；
3、维护和监控公司局域网、广域网，保证其正常运行，确保局域网、广域网在工作期间内安全稳定运行；
4、安装和维护公司计算机、服务器系统软件和应用软件，同时为其他部门提供软硬件技术支持；
5、解决排除各种软硬件故障，做好记录，定期制作系统运行报告；
6、维护数据中心，对系统数据进行备份。
任职资格：
1、通信、电子工程、自动化、计算机等相关专业，大专或以上学历，1年以上网格系统与IT系统维护工作经验；
2、熟悉和掌握各种计算机软硬件，可独立进行安装、调试及故障排除；
3、精通局域网的维护及网络安全知识，可熟练进行局域网的搭建和网络设备的基本维护和故障处理；
4、熟练运用WINDOWS、server20002003等对服务器进行维护与管理；
5、工作主动性强，耐心细致，有责任心，具备团队合作精神。"
网络运维工程师,数据中心网络,20-30K,北京,北京首都在线科技股份有限公司,"故障处理,CCIE证书,IDC维护,网络规划设计,CCNP证书,vxlan,AWS ANS",3-5年,社招,数据中心网络,2023/1/13,"二线网络工程师
岗位职责：
1、负责基础网络应急事件响应，故障定位排查、根因分析、优化解决等；
2、通过巡检、风险梳理、优化调整等手段，确保网络生产环境安全、稳定运行；
3、负责网络故障和问题的解决方案标准化SOP整理，提升一线事件解决率；
4、负责网络项目实施操作及协调沟通，确保按照项目要求及时完成；
5、负责标准化操作的脚本和程序编写，提高操作执行的规范化和效率；
任职要求：
1、经验要求：3年以上IDC网络维护经验；
2、技术能力：精通互联网路由体系结构，具备架构设计、实现、优化能力；对运营商网络、骨干网络、路由交换、数据中心网络等至少要有1-2个方向比较深入的了解；
3、服务保障：在服务/质量管理等方面有体系性理解，有相关流程、工具建设的能力，识别共性/重复性问题并破解核心矛盾提升团队效率，沉淀通用性的平台或服务能力，推动平台服务能力与工具不断改进优化；
4、故障处理：对系统故障和用户投诉有很强的问题处理和推动能力；
5、沟通协调：具备良好的沟通协调及推动能力，以及极强的责任心；
6、具备Cisco CCIE、AWS ANS、及数据中心网络（VXLAN）维护经验优先；"
中级网络工程师,数据中心网络,4-6K,怀化,湖南若水实业有限公司,"通信/工程相关专业,网络建设/系统集成经验,网络运维经验",1-3年,社招,数据中心网络,2023/1/13,"岗位职责
1.负责公司承接的网络系统集成的安装、调试。
2、负责数据机房网络规划、网络性能优化方案
制定;
3、负责网络问题分析与解决，做好内业资料整理;
4、负责网络中光缆、弱电网络、通信管道、传输设备相关项目建设管理工作:
5、负责网络设备的调试、配置、上线等工作:
6、对网络运行出现的问题，并对网络进行调整优化;
7、负责数据中心机房内设备的管理、故障排除等日常工作;
8、负责机房环境、各类设备、网络环境的巡检维护;
9、负责维护和监控局宽带出口设备、网络环境保证其正常运行，确保宽带出口设备7x24小时的安全稳定运行;"
中级网络工程师,数据中心网络,4-6K,哈尔滨,哈尔滨安信咨询有限公司,"运维技术,网络工程",3-5年,社招,数据中心网络,2023/1/13,"岗位职责：
1、负责项目涉及产品的实施工作。
2、承担网络设备的网络规划、数据配置及维护管理等。
3、负责网络故障的响应及处理。
4、负责客户及项目团队的技术支撑。
任职资格：
1、计算机相关专业，2年以上企业实施建设经验；
2、具有网络设备调试、维护经验；
3、熟悉数据中心网络结构，精通静态路由、三层交换，OSPF、VLAN、STP、DHCP、NAT、ACL等网络技术和原理；
4、熟悉华为、H3C等厂商常见的路由器、交换机、防火墙等配置；
5、有网络、安全等相关证书者优先；
7、熟悉Linux操作系统；
8、具备良好沟通能力；
9、能够接受省内出差；
福利待遇：
1、早九晚五、周末双休、法定节假日、有餐补（转正之后）、有五险一金、节日福利、带薪年假 、员工旅游等。"
高级网络工程师,数据中心网络,12-20K,北京,北京长得万众信息技术有限公司,"CCIE,HCIE,网络分析师",5-10年,社招,数据中心网络,2023/1/13,"岗位要求：
1.通信、电子工程、自动化、计算机及相关专业；
2.具有6年（含）以上的金融业网络建设和运维工作经验,且具有一定的IT服务管理经验；
3.熟悉OSPF、BGP等路由协议的原理，熟悉VRRP、STP、802.1Q等二层协议，较为熟悉QOS等技术；
4.熟悉7层网络协议、深入理解TCP/IP协议，熟练掌握各种主流路由协议；
5.熟悉F5、A10等四层设备的架构和日常操作；
6.熟悉主流网络设备、网络安全设备、负载均衡器(F5)设备,且能够熟练配置和调试其相关设置与参数、管理、优化、故障排除，日常巡检等日常运维工作；具有一定的网络方案设计能力；
7.熟悉各种网络连接技术、精通网络架构、有独立解决问题能力、能够解决局域网、广域网、VPN网的相关问题；
8.熟悉主流网络厂商硬件产品，如思科、华为、华三、天融信、山石、F5、A10、ZDNS等；
9.熟悉网络及安全层面的日常运维工作, 对大部分问题能做够独立解决；
10.能快速主动地学习工作所需的各项知识，具有很强的责任心及服务意识、拥有良好的沟通能力及抗压能力,具备工作认真仔细和耐心的特点；
11.适应以生产维护为导向的工时制度；
12.基本掌握机房基础设施日常运维能力。
工作地点：
北京/大兴区 西红门北兴路东段2号星光影视园1号楼世纪互联星光影视城数据中心"
网络规划工程师,数据中心网络,30-60K,北京,深圳金融科技研究院（中国人民银行金融科技研究院）,"运维通信资格证书,CCIE证书",5-10年,社招,数据中心网络,2023/1/13,"职责描述：
•负责数据中心及云平台的网络架构规划、设计与建设，集成实施并持续优化
•负责数据中心及云平台网络整体的运维，承担专家角色，进行系统运维、排障，保障可用性
•负责虚拟网络架构、SDN等前沿技术研究，负责私有云网络规划及维护，根据业务发展需求，完成技术方案设计与项目落地
•及时跟踪业界动态、网络软硬件件相关领域新技术和新方案及发展趋势，结合业务场景推动新技术和新方案的落地，支持业务发展
•负责Cisco\华为\H3C各型号路由器、交换机的选型、配置与部署及采购配合工作
•负责制定基础网络运维规范以及实施
•上级安排的其它工作。
任职需求：
•有领导大型项目集成部署实施经验，有5年以上互联网企业IDC或运营商骨干网等大型网络实施维护经验,有金融行业从业经验优先
•独立分析网络问题分析能力，丰富的大型网络故障排查和解决经验，能快速处理大型网络紧急事件，疑难问题
•熟悉IAAS网络高可用(接入层和核心层)规范以及实操经验，有SDN网络具体应用实践经验的优先;
•具有Cisco（CCIE）、华为（HCIE）、H3C(H3CTE)等高级网络认证或或同证书人员
•熟悉TCP/IP协议，OSPF、ISIS、BGP等常用路由协议，熟悉常用网络技术如CSS、IRF、NAT、VPN、Qos、VRRP、VxLAN等二三层通信技术，熟悉市面上主流防火墙的选型、配置与部署
•熟悉机房综合布线标准并有实施经验
•良好的沟通及团队合作能力，追求新技术，勇于承担极大的工作压力"
网络运维工程师,数据中心网络,7-12K,哈尔滨,湖南拓维云创科技有限责任公司,"故障处理,运维通信资格证书,CCIE证书,IDC维护,TCP/IP,交换机,防火墙,路由交换协议",3-5年,社招,数据中心网络,2023/1/13,"工作职责：
1、 负责数据中心网络架构规划、设计、调整、性能优化；
2、 负责网络相关故障处理、故障定位、故障分析
3、 负责网络设备的安装、配置、管理，提供网络设备维护方案；
4、 负责建立完整的网络系统文档。
5、 完成网络安全相关的其它技术支持工作
6、 负责日常网络设备配置变更
职位需求:
1. 大专及以上学历，具备3年以上网络实施或网络运维工作经验；
2. 熟悉信息系统网络运维、管理流程；
3. 具备独立完成网络系统安装、部署、调试、变更和网络故障的处置工作能力；
4. 熟悉TCP/IP协议、交换机、防火墙等网络设备的配置管理；
5. 熟悉常见的各种路由交换协议（如：RIP，OSPF，IS-IS，BGP等协议），熟悉主流网络安全产品
6. 具备运行商、IDC等行业经验优先；
7. 对主流负载均衡设备、安全防护设备有一定维护经验优先；
8. 具备网络系统相关资质证书优先（CCIE或同级别）。
9、 有大型网络系统维护经验者优先考虑。 
10、 工作认真负责、踏实敬业、细致耐心，安全意识强，有良好的团队合作精神。"
高级网络工程师,数据中心网络,15-20K,北京,北京神州新桥科技有限公司,"路由器配置,网络规划设计,CCIE证书,BGP,OSPF,数据中心维护",5-10年,社招,数据中心网络,2023/1/13,"一、岗位职责：
1、 负责客户的售后服务工作，包括不限于项目方案设计撰写、项目实施交付、故障处理、售前测试、业务割接、客户培训、现场保障、网络优化、网络巡检，并对内外部客户满意度负责。
2、 负责项目交付及管理，确保项目高质量交付。协助原厂人员完成云数据中心业务交付，自行主导完成传统数据中心项目交付。
3、负责客户需求响应、业务相关工作协调，为客户满意度负责。
二、 岗位要求
1、大专及以上学历，计算机网络、通信工程、网络工程、电子等相关专业，熟悉行业内主流产品及技术，至少5年网络（交换机、路由器、无线安全等）售后技术工作经验。
2、具有中大型行业网络工程项目实施/交付或维护经验，能够独立开展中大型网络的方案设计、项目实施、售前测试、故障处理、网络变更等业务。具有HCIE、H3CIE、CCIE，或熟悉锐捷、华为、华三、思科等友商数据中心及城域网方案及具有交付经验者优先。
3、 具有良好的服务意识与职业素养，沟通表达能力强、团队协作精神及责任心强；可承受较大工作压力。具备良好的业务和服务管理能力，以服务质量及口碑为第一要素。
4、对业界前沿技术保持敏感性，主动学习意愿性高，善于主动思考和自我驱动。"
网络安全工程师,数据中心网络,5-8K,泰安,山东众志电子有限公司,"交换机配置,路由器配置,故障处理,Linux,NoSQL",1-3年,社招,数据中心网络,2023/1/13,"1、负责公司数据中心运维项目中网络安全及安全设备的部署、调试、维护，网络的正常运行、线路优化等；
2、负责参与整体网络架构的规划、优化；
3、负责协助公司客户私有云项目的网络安全规划及建设；
4、对安全领域的新技术、新方法进行研究；
5、协助公司领导处理其他工作，完成相关工作的协调及网络安全岗位手册或文档建设。"
网络技术,数据中心网络,3-8K,青岛,青岛锦宏盛世电子科技有限公司,网络设备,1年以内,社招,数据中心网络,2023/1/13,熟悉维修安装电脑  网络  监控，有驾照，会开车 开车补助
天津网络,数据中心网络,12-15K,天津,上海黑睿信息科技有限公司,"故障处理,CCNP证书,CCIE证书",1年以内,社招,数据中心网络,2023/1/13,"岗位职责：
1、负责驻场运维与建设项目；
2、负责日常网络，安全等IT基础设施维护、故障处理，应急演练等；
3、负责编写相关项目巡检报告；
4、负责编写其他和项目有关的文档；
人员要求：
1、专科以上学历，计算机网络相关专业；
2、1~3年以上网络工作经验；
3、熟悉传统的路由交换技术，熟悉主流的华三、思科，华为产品特性及使用经验，具备丰富的应急处理经验 ；
4、了解传统安全类技术，熟悉主流安全厂商产品特性与工作原理；
5、具有主流厂商的专业认证，有H3CTE/H3CIE证书、或同级别证书者优先。"""
网络管理,数据中心网络,6-8K,北京,北京中科未来人居科技有限公司,"故障处理,网络自动化",1-3年,社招,数据中心网络,2023/1/13,"岗位职责：
1.负责呼叫系统日常维护和管理；
2.负责集团机房、宽带、电话、网站、邮箱的管理与维护；
3.负责办公电脑采购、维护、管理、固定资产的盘点；
4.OA系统、财务系统表格以及流程开发及维护的技术支持；
5.负责招商会的布场、布线、灯光、音响搭建；
6.负责全国分公司职场开设统筹管理；
7.协助行政事务处理；
任职要求：
1.统招专科以上学历，计算机管理与网络管理相关专业；
2.熟悉呼叫中心、OA系统搭建运维流程；
3.可接受本专业应届毕业生"
网络运维工程师（顺义）,数据中心网络,15-22K,北京,北京江南博仁科技有限公司,"CCIE,HCIE,网络运维,防火墙,路由交换",3-5年,社招,数据中心网络,2023/1/13,"岗位职责：
1. 负责数据中心网络的建设和维护；
2. 负责大型企业 WLAN 网络的建设和维护；
3. 负责大型企业网络中网络产品（路由器、交换机、防火墙、负载均衡、流量
分析、VPN）的日常管理和维护；
4. 提供网络优化建议及服务；
5. 提供网络运维过程中疑难问题的分析和解决方案。
专业技能要求：
1. 本科以上学历，3年以上工作经验，有网络相关认证证书优先；
2. 精通网络技术，具备网络规划及网络实施的能力，精通 CISCO、H3C 至少一种高端核心交换产品的硬件架构，具备独立完成安装、配置、故障定位的能力；
3. 熟悉主流硬件防火墙等安全产品，如 Juniper、飞塔等，具备认证证书者优先；
4. 熟悉 Cisco、H3C、Fortinet、Juniper 等厂商的数据中心级产品的管理和维护；
5. 精通 RIP、OSPF、EIGRP、BGP 等路由协议；，精通 STP、PortChannel、VPC 等交换技术。
综合技能要求:
1. 具有良好文档编写能力，能独立完成日常巡检数据的采集和报告的撰写工作；
2. 对工作细心、耐心、有较强的团队意识。
优选条件：
1. 有金融行业运维服务工作经验优先。"
网络运维,数据中心网络,9-14K,贵阳,北京金道天成信息系统服务有限公司,"HCNA/HCNP,HCIE,BGP/OSPF,运营商背景",1-3年,社招,数据中心网络,2023/1/13,"岗位职责：
1.负责华为公有云广域网运维支撑；
2.参与广域网服务监控告警、事件响应、日常变更实施、服务优化，保障网络稳定；
3.协助网络设备上下架、配置、调试、安全审视、可用性保障
4.协助线路交付、跟踪下单、线路连接、测试、开通等
5.协助片区线路容量管理、线路利用率运营分析
岗位要求：
1.大专以上学历，计算机或通讯相关专业  
2.两年以上广域网络运维相关工作经验 
3.熟悉BGP/OSPF路由协议，能熟练操作华为NE40E路由器，CE系列交换机
4.有CCNP或CCIE证书（或HCNP/HCIE）优先考虑
5.有互联网公司工作经验优先考虑
6.需要具备良好的沟通能力"
网络管理,数据中心网络,4-5K,株洲,株洲天玑宏图智能科技有限公司,"弱电管理,网络工程师,现场对接",3-5年,社招,数据中心网络,2023/1/13,"1、计算机及网络专业，5年以上专业工作经验；
2、熟悉结构化综合布线，熟悉企业网络构架，能快速排查网络物理链路故障；
3、有一定语言表达能力和文字记录能力；
4、吃苦耐劳，愿意学习、专研技术；
5、有驾照优先。
工作内容：
根据派单，快速响应，及时沟通客户弱电需求并确定施工方案，然后科学合理安排好材料、施工人员等事项；现场协调、辅助施工，完工后单据的签字汇总等工作。
福利：
双休、国家节假日、五险一金、年终奖。"
网络维护,数据中心网络,9-10K,清远,鹤壁市晟铭电器有限公司,计算机相关专业,1-3年,社招,数据中心网络,2023/1/13,负责公司计算机软硬件、网络设备的安全运行及日常维护；负责处理各种计算机应用软件、操作系统，同时为公司其他部门提供技术支持；维护和监控公司局域网、广域网，确保其在工作期间安全稳定的运行。
网络运维,数据中心网络,3-5K,天津,鑫丰亿（天津）通信科技有限公司,网络运维,1-3年,社招,数据中心网络,2023/1/13,"1、年龄18-35岁
2、能够负责网络及其设备的维护、管理、故障排除等日常工作。
3、了解客户技术需求，根据客户需求提供可行性项目技术方案，前期建议方案报价等；
4、踏实敬业、品行端正，人际沟通能力强，具有良好的团队合作精神。"
网络工程师,数据中心网络,6-10K,景德镇,浪潮软件集团有限公司,"运维通信资格证书,CCNA证书,网络工程师证,Linux,Oracle,交换机配置,网络规划设计,路由器配置",经验不限,社招,数据中心网络,2023/1/13,"1、负责项目的实施、维护、优化等工作；
2、承担网络设备的网络规划、数据配置及维护管理等；
3、负责网络故障的响应及处理；
4、负责客户及项目团队的技术支持。"
网络工程师,数据中心网络,3-6K,怀化,湖南蔚蓝科技有限责任公司,"通信/工程相关专业,网络建设/系统集成经验,系统安装。装机,装机,重装系统",1-3年,社招,数据中心网络,2023/1/13,招聘远程安装电脑系统人员  ，熟悉黑白苹果系统，10代以上CPU装win7系统，蓝屏代码，数据恢复，等各种电脑软件问题，爱自学，有耐心的技术人员
网络管理员,数据中心网络,4-6K,中山,中山市司马跨境网络科技有限公司,"网络运维经验,网络管理员",1年以内,社招,数据中心网络,2023/1/13,"岗位职责
1、负责公司内所有信息设备全面管理维护，如电脑网络、电话网络、操作系统、厂家系统、监控系统、打印机、传真机等；
2、做好各种信息设备和计算机软件的日常维护及登记记载工作，每月底做好固定资产登记表及设备是否正常工作情况并上报；
3、负责所有信息设备的正常运行及内外网络的通畅，做好计算机防病毒工作、定时升级杀毒软件，上传数据要做好有关的网络管理工作。
任职要求
1、大专以上学历；
2、网络管理员经验首先考虑；
3、熟练使用OFFICE等办公软件，具备网络管理知识。"
网络管理员,数据中心网络,6-8K,上海,达瑟儿（上海）生命科技有限公司,"故障处理,交换机配置,路由器配置,网络规划设计,负载均衡,网络自动化,IDC维护,IDC建立",经验不限,社招,数据中心网络,2023/1/13,"工作职责：
1、公司计算机软件、硬件的日常管理及故障维修并做桌面支持工作； 
2、负责公司机房管理，维护公司网络系统；
3、负责路由器及无线设备等管理与维护；
4、负责局域网管理和建设，维护公司网络的平稳运行；
5、负责内部信息系统建设，维护域名注册、后台数据、企业邮箱注册等工作；
6、其他IT关联如打印、复印机、电话路由、网络布线等维护对接工作；
5、上级安排的其他工作。 
任职要求：
1、大专及以上学历，1年以上相关工作经验；
2、熟悉多种操作系统的安装维护；精通局域网的管理与维护；
3、熟悉常用网络设备，具备故障诊断和处理能力，能处理计算机软硬件常见问题；
4、工作积极主动，责任心强，具有服务意识及团队协作精神。
薪资：6-8K"
网络工程师,数据中心网络,10-15K,贵阳,贵州嘉德福食品有限公司,"MySQL,Java,SQL Server,NoSQL,PostgreSQL,SQLite,Oracle",1-3年,社招,数据中心网络,2023/1/13,"岗位职责：
1、负责公司电子商务平台制作的维护工作，二次开发工作
2、负责网站相关开发工作，并解决开发过程中遇到的技术问题
3、负责商城活动页面制作，div/css/bootstrap/jquery标准网页制作，解决主流浏览器兼容性问题
4、负责特殊js交互效果的实现以及前端代码优化
5、负责后台功能模块开发
岗位要求：
1、2年以上Web/PHP开发工作经验
2、熟练使用PHP语言，具备OOP编程思想，精通面向对象程序设计及设计模式
3、熟悉网络协议(TCP/IP,HTTP)，具有很强的问题排查能力
4、熟练掌握PHP+MySQL+Apache环境的Web应用开发
5、熟悉开源产品，及缓存技术，掌握mysql数据优化
6、有商城开发经验者优先
7、熟练掌握XML、HTML、CSS、Javascript、AJAX、JSON、Jquery、Bootstrap等Web页面技术
8、熟悉Bootstrap前端框架，使用div/css/Bootstrap/js编写前端网页及特效
公司办公地点:贵阳市区"
网络工程师,数据中心网络,3-4K,新余,新余力量信息技术有限公司,"网络,网络安全,系统运维",1年以内,社招,数据中心网络,2023/1/13,"1、负责网络的总体规划、建设，配置实施和运行维护，确保网络的稳定运行，降低运维成本。
2、精通TCP、IP协议及常用网络应用，熟悉网络架构，熟练掌握服务器、路由器、防火墙、交换机等网络设备的软硬件知识，具备网络故障排除能力
3、负责网络技术实施方案制定、组织实施及相关技术问题管理，并与客户进行技术交流和沟通。
4、负责管理配置核心交换、路由、防火墙、负载均衡、VPN等网络设备；
5、具备一定的数据通信网络优化能力，可给出优化建议和操作方法。
6、负责网络运行状态分析、健康检查，7*24小时网络运营技术支持保障；
7、负责网络性能优化、参数调优，优化网络结构；
8、建立网络拓扑、IP规划分布等文档资料，按要求撰写、更新技术文档。
岗位要求
1、计算机专业或相关领域学历
2、3-5年以上IT行业技术支持或服务相关工作经验
3、熟悉TCP/IP结构，熟悉网络分析、协议解析，并熟练使用网络数据分析工具"
网络管理员,数据中心网络,2-4K,长治,长治市鹏翔装饰装潢有限公司,"数据挖掘,数据分析,数据架构",1年以内,社招,数据中心网络,2023/1/13,"1、负责公司电商平台运营工作，包括商城功能策划、在线宣传推广、活动策划、等日常运营；
2、负责制定店铺的年度、季度、月度运营策略计划并有效执行；
3、负责制定产品推广方案并负责实施，对推广效果进行评估，对店铺及产品访问量、转化率数据进行分析；
4、熟悉平台的各种推广方式等宣传工具，熟悉站内各种免费推广活动，以及报名各种官方活动，并善于总结经验，为达到销售业绩提供决策；
5、能够分析各网店的数据，能够数据化运营店铺，改进和优化店铺推广；
6、竞争对手调研分析，根据网络情况和网店运营情况，适时调整运营方案；
7、每日监控并向上级主管提供数据：营销数据、交易数据、商品管理、顾客管理；
8、 负责各类运营活动组织、话题事件营销，针对微博、微信、社区做产品推广和策划相应的牛掰网专题活动，提升产品用户量及产品功能的用户口碑；
9、拓展开发联盟伙伴，并监控执行情况，拓展其它网站的合作。
10、负责与库房做好相应的对接工作；
11、完成上级交办的其他工作内容。"
网络工程师,数据中心网络,6-10K,广州,广州长辉信息科技有限公司,网络建设/系统集成经验,1-3年,社招,数据中心网络,2023/1/13,"一、职位概要：
规划、设计、组建、调试、维护网络系统。
二、工作内容：
1、主持网络产品的需求分析、项目可行性分析；
2、主持网络产品的技术评测，方案规划和搭建，提供相关技术支持；
3、负责机房内的网络联接及网络间的系统配置；
4、负责网络平台的推广方向和推广模式，如：网络推广大师；
5、组建、调试、维护广域/局域网；
6、负责计算机间的网络联接及网络共享，并负责网络间安全性的设置；
7、设计满足顾客和基础结构带宽、性能要求的网络解决方案；
8、利用网络测试分析仪，定期对现有的网络进行优化工作；
9、通过数据分析和其他相关网络测试设备，解决复杂的网络问题；
10、发展和维护问题解决程序、网络文件和标准操作程序；
11、管理公司网络系统集成，更新维护各种工程用网络器材；
12、不断改进网络基础结构、设计布线方案。
三、任职资格：
1、文化背景：通信、电子工程、自动化、计算机及相关专业本科以上学历。
2、经验：2年以上相关工作经验，熟悉大中型网络、企业网络和宽带网络的设计与规划。
3、技能要求：
3.1熟悉网络产品及技术；
3.2具备丰富的网络系统集成经验；
3.3熟悉多种操作系统和多种网络应用服务的安全及配置使用；
3.4熟悉主流网络设备和防火墙配置，熟悉TCP／IP协议；
4、态 度：
4.1工作严谨细致，有责任心，善于与人沟通；
4.2勤奋踏实，善于分析、思考问题；
4.3有时间观念，独立性强，具备团队合作精神。"
驻场网络运维工程师,数据中心网络,5-8K,西安,陕西和一信息科技有限公司,"运维通信资格证书,CCNP证书,网络设备,网络安全,IT服务,Linux,故障处理,交换机配置",1-3年,社招,数据中心网络,2023/1/13,"岗位职责：
1.负责数据中心的网络设备、安全设备及相关网管服务器的运维、管理、以及故障排除等日常管理工作。
2.负责数据中心交换机、路由器、防火墙等设备的配置、调试工作；能够独立排查网络故障及并制作网络规划报告。
3.负责参与系统集成项目的实施工作，根据用户需求拟定技术方案，提供技术支持，解决项目中的技术难题。
4.能够解决客户现场的网络问题,并根据客户要求进行网络规划和撰写网络项目实施方案、割接方案和竣工文档。
5.按照公司要求对其他工程师进行售中/售后技术支持，并配合其他部门提供技术方案。
任职要求：
1.全日制专科及以上学历、计算机技术相关专业；相关行业2年以上工作经验。
2.有丰富的网络理论知识及实践经验，能够独立维护大中型网络；具备对主流网络路由器、交换机、防火墙等设备有配置和调试能力。
3.具备2年以上互联网企业或IT企业网络系统、网络安全体系的架构规划、设计、实施、维护经验，熟悉网络及综合布线。
4.具备Cisco、H3C、华为主流厂商认证证书（CCNP、H3CSE或HCNP证）者优先考虑。
5.能吃苦耐劳，工作积极主动、责任心强，具有良好的客户服务意识和敬业精神，能适应长期出差；
6.工作思路清晰，自我学习能力强，善于思考和分析问题，具备良好的团队协作精神。
公司双休 五险一金 交补 话补 过节费 年终奖"
网络工程师,数据中心网络,5-6K,娄底,娄底市兴安机动车安全技术检测有限公司,网络故障排查,1-3年,社招,数据中心网络,2023/1/13,网络维护管理，确保网络安全
网络工程师,数据中心网络,4-5K,张家口,张家口讯安电子科技有限公司,"路由器配置,网络自动化,交换机配置",3-5年,社招,数据中心网络,2023/1/13,机房工程师，安装LED显示屏技工，会计
网络工程师,数据中心网络,3-4K,济宁,邹城市美安电子科技有限公司,"网络运维,运维监控,系统运维,机房运维,运维工程师,集群运维",在校/应届,社招,数据中心网络,2023/1/13,网络布线，智能设备安装调试
网络管理员,数据中心网络,5-8K,北京,北京科兴生物制品有限公司,"Windows,Linux,网络安全",1-3年,社招,数据中心网络,2023/1/13,"岗位描述：
1办公电脑及打印机的日常维护及管理
2办公软件的安装、调试、维护、升级
3负责电话，网络设备维护
4负责部门档案、合同管理
任职资格：
专业：计算机相关专业
经历：1年以上工作经验
性格：诚实、认真、执行力强
技能：精通WINDOWS系统，独立搭建局域网，具有一定的办公电脑故障判断、解决能力"
网络工程师,数据中心网络,4-6K,南阳,河南鼎誉鑫电子科技有限公司,"网络工程师证,交换机配置,路由器配置,网络规划设计",1-3年,社招,数据中心网络,2023/1/13,"一、诚邀有梦想的伙伴加入:
1、年龄:18岁以上
2、学历:对上眼
3、性别:不限
4、经验:有安防网络经验者
5、好氛围好家人好发展欢迎您的入团！
二、工作职责:
1、负责安防网络搭建与维护；
2、负责安防设备的调试与维护；
3、完成公司安排相关其它事项."
网络工程师,数据中心网络,5-8K,武汉,武汉中汉飞龙科技有限公司,"故障处理,交换机配置,路由器配置,IDC维护,IDC建立,网络自动化,网络规划设计,负载均衡",1-3年,社招,数据中心网络,2023/1/13,"岗位职责：
1、负责本公司产品的调试、维护、开通、安装等工作；
2、负责对使用本公司产品的项目进行定期回访，及时发现并处理故障；
3、负责用户要求的设备改造、升级、维护工作；
4、及时反馈产品质量问题；
5、定期填写调试工作报告并向负责人汇报工作情况。
任职要求：
1、通信、电子工程、自动化、计算机等相关专业，大专或以上学历，1年以上网格系统与IT系统调试，维护工作经验，有相关资格证书者优先；
2、熟悉和掌握各种计算机软硬件，可独立进行安装、调试及故障排除；
3、熟悉交换机等相关设备（如锐捷、华为、华三），精通局域网的维护及网络安全知识，可熟练进行局域网的搭建和网络设备的基本维护和故障处理；
4、较强的独立分析问题和解决问题的能力；
5、可短期出差。
1、薪资构成：底薪+提成+岗位津贴+绩效考核+奖金+年终奖；
2、福利：【社保】员工享受养老、医疗、失业、工伤、生育等社会福利保障；
3、工作时间09:00—12:00, 13:30—18:00，周末双休。带薪年假、婚假 、丧假等国家的所有法定节假日；
4、过节：春节、端午、中秋等节日，公司发放红包或礼品；
5、培训：提供免费岗前培训、专业技能培训、管理能力培训等专业培训和广阔的职业发展空间；
6、公司活动：员工旅游、员工聚餐活动等等；
7、办公环境：地处汤逊湖旁，风景优美，空气清新，园区有公园，设施齐全，交通便利。"
网络工程师,数据中心网络,3-4K,定西,甘肃天庆酒店管理有限公司,"系统运维,自动化运维,系统管理员",1-3年,社招,数据中心网络,2023/1/13,酒店智能化维护：网络、电脑、酒店系统、会议设备等维护
网络工程师,数据中心网络,6-8K,上海,上海卫本科技发展有限公司,"SQLServer,RFID技术,网络",1年以内,社招,数据中心网络,2023/1/13,"本公司主要业务无线系统，条码系统，无线定位系统。每周工作5天，正常双休，缴纳5金，年底双薪及年终奖。
职位为无线网络IT工程师，要求熟悉windows server系统，对SQL数据库有认知，能够精通WiFi无线技术。每月平均出差1-2次，每次3-5天，公司有出差津贴。
公司网站www. wavebund.com   上班时间可联系吴先生，*****"
网络工程师,数据中心网络,5-6K,长春,吉林省视翰科技工程有限公司,"网络安全,网络设备,计算机软件,管理系统,交换机配置,网络自动化,故障处理,路由器配置",1-3年,社招,数据中心网络,2023/1/13,驻场网络维护，要求全日制大学生本科以上，董网络知识，有工作经验者优先
网络工程师,数据中心网络,3-5K,洛阳,南京森山电子科技有限公司,"CAD,交换机配置,故障处理",经验不限,社招,数据中心网络,2023/1/13,"岗位职责：
1、负责对客户现场的安全设备进行运维巡检，及时处理防火墙、网络安全审计、入侵检测系统等安全设备故障，对设备进行维护、升级等；
2、负责网络运维工作相关文档撰写。
岗位要求：
1、应届毕业生优先；
2、精通windows全线操作系统，熟练配置华为、华三的路由交换等，熟悉VPN、防火墙等设备的架设;
3、有一定的网络功底；
4、具有一定文档编辑能力，能够独立编写运维报告、安全分析报告等优先。
5、具有一定的学习能力，能够主动学习掌握新知识，有较好的沟通和协作能力，极强的执行力和沟通能力，具备良好的服务意识。"
网络工程师,数据中心网络,5-8K,福州,恒锋信息科技股份有限公司,"计算机相关专业,CCNA/CCNP",1-3年,社招,数据中心网络,2023/1/13,"岗位职责
1、参与项目安装、测试、系统调试和负责工程售后服务技术支持工作。协助项目经理进行项目验收，竣工文档编写工作。
2、能独立完成集成项目的管理、实施与验收等工作。
3、负责建立售后服务档案，编制安装技术支持内业资料和项目的回款工作。
4、对售后工作经验进行总结，归档，形成知识库。
5、定期向部门经理汇报工作，及时提交工作周报、月报。
6、完成领导临时交办的任务。
岗位要求：
1、计算机、电子信息相关专业本科及以上学历。
2、持有计算机系统集成项目经理证或业界认可的思科CCNP、华为HCIP、华三H3CSE、锐捷RCNP等中高级以上IT认证证书。
3、一年以上IT行业工作经验，熟悉网络、安全、主机、存储等技术，具备工程安装相关工作经验；优秀毕业生/实习生亦可考虑；
4、熟悉信息系统集成项目实施及运维过程。"
网络工程师,数据中心网络,6-10K,合肥,安徽皖盛电力科技有限公司,"网络运维,IT技术支持,网络交换技术,CCNP证书,路由器配置,交换机配置,Linux",1-3年,社招,数据中心网络,2023/1/13,电力行业网络工程师，欢迎投递，五险一金
网络工程师,数据中心网络,4-5K,潍坊,山东硒科智能科技有限公司,"Java,C/C++,交换机配置,网络规划设计,路由器配置",1-3年,社招,数据中心网络,2023/1/13,"1、计算机相关专业 大专及以上学历
2、具有2年以上企业IT设备管理经验
3、熟练掌握IT设备、网络设备等弱电设备维护
4、熟练掌握OFFICE办公软件，桌面运维、OA系统等
5、熟悉windows Server系统管理及安装维护"
网络工程师,数据中心网络,5-8K,宁波,浙江盈力智能工程有限公司,"网络运维,安全运维",1-3年,社招,数据中心网络,2023/1/13,职责描述： 1、企业网络建设和管理；进行网络架构的规划、设计、调整、性能优化； 2、网络设备的安装、配置、管理，提供网络建设方案； 3、 熟悉掌握网络架构及网络安全； 任职要求： 1、计算机通信相关专业，本科以上学历； 2、有1年以上网络维护相关工作经验，掌握各种网络环境搭建，具备较强的技术基础； 3、熟悉网络设备、服务器、小型机的安装、调试、维护；熟悉计算机网络和网络安全的调试；具备网络故障的分析、判断、解决能力； 4、有较强的沟通协调能力及高度责任心； 5、具有撰写技术文档和手册能力，良好的英文阅读能力； 6、可以短期出差；有网络工程师认证或等同资格认证优先。 福利： 1、交通福利：转正后员工每月有交通补贴，服务满3年员工每月有油费补贴； 2、年终奖：公司每年年底根据企业经济效益与员工表现对在岗人员发放年终奖； 3、节假日福利：中秋、春节等传统节日公司统一发放礼品、员工聚餐等活动 4 、社保福利：按国家社保法规定，为全体正式员工办理社会保险、医疗保险的全部险种；5、培训福利：公司不定期组织在岗培训，取得证书可获得相应奖金；
网络工程师,数据中心网络,8-13K,北京,北京明瑞万通科技有限公司,"计算机相关专业,网络建设/系统集成经验,网络运维经验,系统集成项目管理工程师,CCNA/CCNP,HCNA/HCNP",1-3年,社招,数据中心网络,2023/1/13,"1.负责公司局域网,互联网维护工作；
2.负责公司电脑软,硬件的安装与维护；
3.负责电话,网络安全系统的管控维护；
4.规划、搭建、维护公司的线上电子商务网站平台和办公网络环境；
5.公司网络的配置改进、调优，优化公司网络互连规范；
职位描述：
1、 熟悉主流厂商网络设备（Cisco、H3C、Juniper等），并熟练配置，必须具有独立Troubleshooting的能力，及相关经验；
2、 熟悉综合布线，负责工程施工过程中的项目管理控制、文档制作、协调管理等；
3、 能够设计中小型企业网络，并能部署实施；
4、 能够撰写方案，并具有一定的演讲能力；
5、 能够适应短期出差；
6、 必须具有CCNA或以上证书（或具有相同能力）；
7、 熟悉项目管理者优先。"
网络工程师,数据中心网络,3-4K,鄂尔多斯,鄂尔多斯市东胜区众禹机动车检测服务有限公司,"交换机配置,网络自动化,故障处理,路由器配置",1-3年,社招,数据中心网络,2023/1/13,"能够熟练维护机动车检测站日常维护，包括网络设备管理（如计算机，服务器）、操作系统维护（系统打补丁，系统升级）、网络安全（病毒防范）等。
在网络正常运行的情况下，对网络基础设施的管理，主要包括确保网络传输的正常，掌握公司设备的配置及配置参数变更情况，备份各个设备的配置文件。"
网络工程师,数据中心网络,8-13K,无锡,无锡意诚致信科技有限公司,"运维通信资格证书,CCNP证书,CCNA证书,网络设备",经验不限,社招,数据中心网络,2023/1/13,"岗位职责
    
1、负责维护企业日常的网络设备：防火墙、路由器、交换机、无线配置及运维；
    
2、项目技术指导，对客户系统出现的各类故障进行诊断排除；
    
3、能独立完成中小企业网络设计及安装配置工作；
    
4、熟悉Linux、Windows系统，熟悉常用网络命令的操作，能够分析网络环境及排查故障；
    
5、能独立绘画网络拓扑图，制作设计书及参数表等；
    
6、熟悉VMware虚拟化软件，对存储网络构架有一定的了解；
    
7、负责日常电话或邮件的远程支援工作；
    
    
任职资格
    
1、计算机/通信/网络等相关专业，专科以上学历；
    
2、熟悉TCP/IP原理，有2年以上网络维护相关工作经验，掌握各种网络环境搭建，具备较强的技术基础；
    
3、具备网络故障的分析、判断、解决能力；有较强的沟通协调能力及高度责任心；
    
4、有系统集成项目实施及售后维护服务，能独立解决一些客户问题；
    
5、有CCNA、CCNP证书者优先考虑；
    
6、有驾照者优先。"
网络工程师,数据中心网络,3-4K,西安,陕西天翔联合商贸有限公司,IT支持,1年以内,社招,数据中心网络,2023/1/13,维修复印机。打印机，电脑，等
网络工程师,数据中心网络,4-9K,海口,海南量宇通信网络有限公司,"Linux,交换机配置",1-3年,社招,数据中心网络,2023/1/13,"岗位职责：
1、负责城域网运行监控与运维，保障城域网运行稳定，为客户提供技术支持；
2、负责信息安全、通信或网络系统集成项目管理、售前和实施方案的制定、编写；
3、负责项目实施过程中与各方的沟通、关系协调与维护；
4、负责项目上线用户培训、收集用户使用意见，及时处理并且汇报跟踪结果；
5、完成公司安排的其他相关工作。
岗位要求：
1、大专以上学历，通信类、电子类、计算机类相关专业，3年以上相关工作经验；
2、具有良好的文档编写能力，熟练操作各种办公软件，如Word、Excel、PowerPoint、Visio和ProJect等；
3、有国家软考项目类中级资格证书或电子政务系统实施经验者优先；
4、有网络Linux、数据库使用经验者优先。"
网络管理员,数据中心网络,7-9K,上海,上海懿百教育科技有限公司,"计算机相关专业,网络建设/系统集成经验,网络安全相关经验,HCNA/HCNP,信息系统项目管理师,系统集成项目管理工程师",1-3年,社招,数据中心网络,2023/1/13,"职位描述：
1、精通华为交换机、路由器设备的配置 
2、能够配置华为交换机配置
3、精通windws server 2012服务器的安装和服务配置
4、熟练Linux基本命令操作 
5、搭建局域网
任职要求：
1、网络工程方面专业技能扎实，精通各类网络设备如路由器、交换机、防火墙、无线控制器等设备的配置和维护，能独立完成局域网络搭建和日常维护工作。 
2、擅长利用专业知识帮助其他人，具有多年桌面技术支持经验。
3、擅长各类其他科技产品的应用，维护展厅、场馆内的多媒体集成播控系统"
网络管理员,数据中心网络,4-5K,芜湖,安徽颐和尚水酒店管理有限公司,"故障处理,交换机配置,路由器配置,网络自动化",3-5年,社招,数据中心网络,2023/1/13,内部局域网网络维护；进行服务器、路由器等设备管理，以及网络平台的运行监控和维护；办公设备的日常维护及管理等工作。
网络工程师,数据中心网络,7-12K,深圳,深圳世纪一线通信有限公司,"运维通信资格证书,CCNP证书,CCIE证书,CCNA证书,MCSE,网络设备",1-3年,社招,数据中心网络,2023/1/13,"1. 负责客户端上门或远程网络设备安装调试 
2. 负责处理安装及售后过程中客户的故障和技术疑问
3. 负责项目交付过程中的网络测试及验收，协助实施项目的交付及移交； 
任职要求：
1、计算机，通信工程，网络工程等相关专业，大专以上学历；
2、具有良好的互联网，广域网和局域网知识，熟练掌握TCP/IP协议 ，并熟练配置Cisco/H3C路由器，熟悉ISIS、OSPF、EIGRP、BGP等协议，熟悉MPLS VPN，QoS，TE的工作原理 ，熟悉SDH、Ethernet 等相关知识
3、具备Cisco、Huawei等路由/安全产品安装及排错能力；
4，具有团队精神，有合作意识，有责任感，处事认真，能适应适量加班。
5. 具有CCNA/CCNP/CCIE/MCSE/等认证培训经历。 "
网络工程师,数据中心网络,6-8K,武汉,武汉友联时代科技有限公司,"网络运维,安全运维,网络工程师证,网络设备,网络安全",1-3年,社招,数据中心网络,2023/1/13,"岗位职责
1、产品培训经验丰富，能够独立参与客户产品培训及沟通。
2、给客户提供网络设备的安装、配置、管理，提供网络设备维护方案；
3、负责为营销部门提供售前技术支持，包括与用户的技术交流、技术方案及宣传材料编写及宣讲、产品及系统演示等；
4、与客户进行沟通，了解、收集、分析用户需求，提供解决方案，引导客户技术和产品选择；
任职资格
1、计算机/通信相关专业，专科以上学历；熟练CAD，photoshop,有新华三认证工程师资格优先。
2、有1年以上网络维护相关工作经验，掌握各种网络环境搭建，具备较强的技术基础；
3、熟悉家用无线路由器、无线覆盖、服务器、防火墙、云桌面的安装、调试、维护；熟悉计算机网络和网络安全的调试；具备网络故障的分析、判断、解决能力；
4、有较强的沟通协调能力及高度责任心。"
网络工程师,数据中心网络,4-7K,青岛,青岛鑫嘉华网络有限公司,"Cisco,网络,机房运维",经验不限,社招,数据中心网络,2023/1/13,"我们需要一个代码工程师， 至少精通一种语言， php、java、go 都可以。对网络技术、网络设备、服务器、虚拟化技术，kvm 、vmware有了解。
积极向上，爱好学习，正能量。"
网络工程师,数据中心网络,3-5K,重庆,重庆翌航科技有限公司,网络安全工程师,经验不限,社招,数据中心网络,2023/1/13,深信服产品线调试及售后；网络交换机，服务器硬件产品调试。
网络工程师,数据中心网络,6-11K,淮安,淮安金湖牧原农牧有限公司,"运维,网络运维,运维监控,IT技术支持,机房运维,CCNP证书,CCIE证书,桌面运维",经验不限,社招,数据中心网络,2023/1/13,"1、大专以上学历，网络工程、计算机科学与技术、电子科学与技术等相关专业
2、熟悉安防监控等技术，有一年及以上网络或安防监控项目实施，运维经验
3、具有扎实的网络基础，熟悉TCP/IP协议，华为网络设备，包括但不限于交换机，路由器的安装实施以及故障排查，能够独立调试音频系统者及数字调音台者优先"
网络工程师,数据中心网络,4-9K,湛江,广东晒谷新能源科技有限公司,"项目实施,解决方案,IT技术支持,机房运维,网络运维,网络设备,人工智能,物联网",1-3年,社招,数据中心网络,2023/1/13,"一、岗位职责：
1.安防监控项目的方案设计、产品选型及安装部署，完成大、中型安防监控服务技术支持；
2.从事过智能化弱电项目的施工、安装、调试及维护工作（安防监控、门禁系统、一卡通、计算机网络、公共广播等），能独立完成弱电各系统的安装调试及维护；
3.能独立完成工程综合布线，及线槽制作；
4.能独立完成工程监控设备安装；
5.能吃苦耐劳，服从公司的管理和调配；
6.有驾驶证优先；
二、工资待遇:
1.面议
2.每月休息4天"
网络工程师,数据中心网络,10-15K,杭州,杭州网鼎科技有限公司,"交换机配置,IDC维护,网络规划设计",3-5年,社招,数据中心网络,2023/1/13,"岗位职责：
1.负责IDC网络系统的日常维护、升级等工作；
2.负责各设备的日常巡检与监控检查等工作；
3.确保IDC网络及相关网络的高可用的实施；
4.持续改进网络基础结构、优化方案；
5.网络技术文档的整理和撰写；
6.完成领导交代的其他事项。
任职要求：
1.本科学历，计算机类相关专业，3年以上网络工程师经验，熟练掌握网络技术；
2.熟悉Cisco、H3C、华为等主流网络厂商网络产品；
3.熟悉TCP/IP原理，熟练掌握路由、交换等网络技术；
4.具有较强的网络故障判断逻辑及解决能力；
5.具备良好的口头表达能力和沟通协调能力；
6.较高的综合素质，很强的责任心和团队协作能力；
7.熟悉服务器操作系统者优先；
8.具备IDC行业工作工作经验者优先；
9.熟悉运维行业开源系统及软件者优先。"
网络工程师,数据中心网络,15-22K,北京,北京汇易达数字科技有限公司,"网络运维,HCIE,H3CIE,交换机配置,IDC维护,故障处理,负载均衡,网络规划设计",5-10年,社招,数据中心网络,2023/1/13,"1、网络和语音通讯部署配置、管理维护及故障处理，保证公司网络和内外通讯线路的通畅
2、根据公司规模拓展，规划公司的网络发展和网络架构
3、对现有网络的运营情况进行分析整理，提供网络运行报告，合理优化网络资源和网络构架，提高资源效率
4、负责网络设备配置以及服务器安装、配置、管理，相关数据备份及备份介质的存放管理
5、负责网络相关系统的测试、试运行、实施及用户使用培训及推广工作
6、根据公司系统构架，规划网络整体安全，防止网络入侵行为
7、规范网络管理操作流程，规划网络安全运维方案"
网络工程师,数据中心网络,4-7K,武汉,武汉幸凌信息服务有限公司,"交换机配置,网络规划设计,网络自动化,路由器配置,Unix,Linux,网络工程师证,SCSA",1-3年,社招,数据中心网络,2023/1/13,"五险一金、周末双休、定期体检、绩效奖金
岗位职责：
1、负责网络架构的设计、建设、运维及优化；
2、负责协助处理客户技术咨询或通过远程协助他人处理各类网络问题。
3、负责网络系统监控、故障分析，及时处理和解决网络故障；
4、负责网络系统测试分析和优化；
5、负责公司系统集成项目及网络运维项目；
6、负责网络资料的整理和完善；
7、负责网络相关辅助系统的日常运维工作；
8、负责专线客户网络数据调试；
任职要求：
1、熟悉TCP/IP协议、路由器、交换机、防火墙、服务器原理
2、熟悉网络安全设备，如CISCO、 华为、深信服、帕拉迪等设备调试；
3、具备优秀的计算机软、硬件知识，能够快速判断软、硬件故障，并且能够指导用户使用主流软、硬件；
4、具备网络基础知识，对相关网络设备及综合布线有一定了解；
5、良好的沟通、协调能力，良好的团队合作精神、服务意识和工作主动性。"
网络管理员,数据中心网络,7-12K,深圳,凯迪海运（深圳）有限公司,"网络故障排查,桌面运维",1-3年,社招,数据中心网络,2023/1/13,"岗位职责：
1.电脑及办公设备等硬件的登记及日常维护
2.常用办公软件的维护及规范
3.机房及服务器的常规管理；
4.EXCEL数据的简单统计
任职要求：
1. 熟悉计算机软硬件
2. 良好的团队精神及协作能力
3. 逻辑思维清晰，责任心强
薪酬福利：
1、同行业高无责任底薪；
2、同行业高提成比率；
3、各岗位均享有绩效奖；
4、每年高额年限加薪；
5、人才定向培训或留学计划；
6、年度国内或跨国旅游；
7、传统节日福利；
8、个人生日礼物，红白喜事专用礼金；
9、高品质工作环境配置；
10、完善的培养机制与晋升通道；
11、人性化的个人休假以及病产假关怀探视；
12、丰富的员工活动与专业的技能竞赛。
**凯迪集团当前已成为全球拼箱行业最优秀品牌之一，其品牌优势将为个人职业生涯发展带来公平广阔的晋升空间，与众不同的团队正在诚邀与众不同的你**"
网络工程师,数据中心网络,9-12K,北京,北京极密科技有限责任公司,"VPN,加密机,证书管理",1-3年,社招,数据中心网络,2023/1/13,"职位是驻场运维，经验优秀者可以工资可以谈
六日休，节假日休，五险一金，年终奖、补充医疗，意外险、补助
一、招聘要求：
          1、学历：大专以上，工作经验 3年及以上
2.从事驻场工作，有网络及安全产品运维工作经验优先考虑，
          3、工作地点：银行数据中心金地威新国际中心北区A座
          4、工作内容：ssl VPN 防火墙策略管理平台 type交换机 Secone  动态口令认证 堡垒机等运维
          5，工作地点：大兴区金地威新国际中心北区"
网络工程师,数据中心网络,11-22K,东莞,上海华为技术有限公司,"网络工程师证,CCIE证书,CCNP证书,网络设备,网络安全,交换机配置,路由器配置,网络规划设计",3-5年,社招,数据中心网络,2023/1/13,"一、岗位职责：
1.负责企业客户的重点网络维护与重大项目交付，整体牵头负责行业的技术问题处理，售前测试支持，重大项目交付；
2.日常技术工作，包括客户交付方案规划、详细设计，交付规范，现网的日常巡检、重大变更、问题管理、风险管理、方案交流评审、应急演练支持、客户日维指导等维护工作。
3.作为行业技术负责人，带领合作伙伴制定团队的日常技术管理，保障客户满意度。"
网络工程师,数据中心网络,10-14K,郑州,广州汇智通信技术有限公司,"Ansible,Zabbix/Prometheus,网络建设/系统集成经验,网络运维经验,网络安全相关经验,HCNA/HCNP,CCIE,HCIE",1-3年,社招,数据中心网络,2023/1/13,"公司致力于为政府单位提供技术服务，帮助客户搭建系统并提供现场运维支撑，系统所运用的软件，是公司自研产品。
一、岗位职责：
1.负责河南大数据系统业务、网络实施交付及运维等相关工作；
2.负责河南大数据系统网络安全保障、等保等相关工作。
二、岗位需求：
1、计算机相关专业本科以上学历，1-3年工作经验；
2、熟练掌握华三、华为和锐捷等主流网络设备使用配置，具备规划、构建、管理和维护网络的能力；
3、熟练掌握网络安全设备的配置、故障排除、策略变更等常见运维操作（如防火墙、入侵防御和入侵检测、抗DDOS、WAF等设备）；
4、熟悉使用windows、linux等主流操作系统，具备服务器安装配置、排查故障能力； 
5、掌握一定的网络安全攻防理论，具有CISP和CISSP相关认证者优先。
6、具有CCIE/HCIE等相关认证者优先。
三、公司福利：
1、全年年收入约14.5个月工资，另外约有1.2万左右的现金福利;
2、六险一金，员工年度健康福利体检；其中住房公积金按照月度工资总额的12%购买；
3、各类过节福利、节日礼品、生日礼品、慰问品等。"
网络工程师,数据中心网络,2-4K,临汾,临汾市至道科技有限公司,计算机相关专业,经验不限,社招,数据中心网络,2023/1/13,"鼓楼南中大街
经验不限
中专/大专
2k-4k"
网络工程师,数据中心网络,3-5K,西安,西安裕辰电子科技有限公司,"网络,IT支持,运维",1-3年,社招,数据中心网络,2023/1/13,"1、负责公司网络系统的日常配置变更、故障排查、性能优化，应急处置等工作； 
2、配合完成公司基础设施、主机、存储等系统运行维护工作； 
3、配合公司信息系统桌面支持工作。 
任职要求： 
1、计算机相关专业，本科2年及以上相关工作经验
 2、工作认真、仔细，有强烈的责任感和良好的沟通能力。"
网络工程师,数据中心网络,9-13K,北京,北京指南针科技发展股份有限公司,故障处理,经验不限,社招,数据中心网络,2023/1/13,"岗位职责：
1.	负责弱电相关的管理与维护工作。
2.	负责公司网络相关的日常管理、调试、配置、故障处理等工作。
3.	负责与网络相关的规划、升级、编写实施手册等，参与运维知识库的维护。
4.	参与机房管理及系统硬件相关的工作;
5.	负责公司网络安全等相关工作。
6.	负责监控、及监控故障处理。
7.	处理部门主管安排的与IT相关的事宜。
任职要求：
1.统招本科学历及以上，计算机相关专业； 
2.熟悉Linux/Windows系统及相关软件，掌握计算机相关基础知识；
3.熟悉TCP/IP原理，掌握基础网络知识；
4.工作认真负责；
5.沟通能力良好，吃苦耐劳，对工作积极主动"
网络工程师,数据中心网络,4-8K,濮阳,濮阳市睿易电子科技有限公司,"交换机配置,网络规划设计,运维通信资格证书,网络工程师证,Linux",3-5年,社招,数据中心网络,2023/1/13,"职位详情
交换机配置 路由器配置 网络规划设计
 
岗位职责
1.精通锐捷,华三,华为全系列产品2.有锐捷,华为 SE / NP 者优先录用
3.负责主流网络设备的安装、调试、运维、运维4.负责公司内部及渠道客户的技术培训
任职要求:
1、大专学历及以上,计算机相关专业;3年以上相关工作经验
2、精通服务器,数据库及主流路由器、交换机的配置管理;
3、了解网络、综合布线、监控、广播等弱电工程"
网络工程师,数据中心网络,4-5K,巴音郭楞蒙古自治州,新疆华远同创科技有限公司,运维工程师,5-10年,社招,数据中心网络,2023/1/13,计算机系统集成策划和运维
网络技术员,数据中心网络,2-3K,长沙,长沙音浪网吧有限公司,"交换机配置,路由器配置",1-3年,社招,数据中心网络,2023/1/13,1.网吧收银员。2，8小时制。3 ，工资2500到3000。
网络管理员,数据中心网络,4-7K,滁州,滁州中天科技有限公司,"故障处理,Unix,Windows,Linux,交换机配置,熟悉安全产品",1年以内,社招,数据中心网络,2023/1/13,"1、建立公司信息化管理操作规范和信息化管理制度，建立和管理公司客户的网络及安全设备技术档案；
2、熟悉Windows域的操作，熟练掌握主流桌面操作系统（如windows系列）、标准办公软件（如Office系列）、各类邮件客户端、主流杀毒软件的安装故障诊断排错性能优化;
3、IT设备硬件安装，简单诊断，排错和和更换能力；
4、有服务器管理、机房管理、安全设备管理以及网络设备配置的专业知识；
5、要求有良好的客户服务意识、协调沟通能力和团队合作精神；
6、计算机相关专业专科以上学历。"
网络工程师,数据中心网络,8-9K,长沙,长沙中科北斗信息技术有限公司,"网络运维经验,网络安全相关经验,CCNA/CCNP",3-5年,社招,数据中心网络,2023/1/13,"岗位职责
1、负责驻场维护用户的网络系统运行，包括交换机、路由器、防火墙、网络安全等软硬件设备运维及性能优化。
2、熟悉思科、华为、华三、Juniper、天融信等主流厂商的路由器、交换机、防火墙、及IPS、WAF等安全产品，能对其进行熟练的调试和排障；
4、网络故障类问题可以定位及排查，对于复杂故障类问题能够现场信息收集，定位，跟进和解决实施等工作；
5、具有良好的文字能力和沟通能力，具有技术方案编写经验，能独立为客户提供解决方案；熟悉TCP/IP协议和ISIS/OSPF/BGP等路由协议，熟悉大中型网络架构及相应的技术（如 MPLS、QoS、IPv6）；
任职要求：
1、具备1-3年以上大中型网络项目实施、运维经验；有三大运营商驻场运维项目经验优先；
2、有网络运维或项目建设经验、具备思科或华为相关网络工程师认证；
3、具有良好的心理素质和团队合作精神，做事耐心、细致；
4、工作主动、有责任心，沟通协调能力和团队合作意识强，服从工作安排。
工作地点：长沙"
网络工程师,数据中心网络,10-11K,上海,上海图宽信息科技有限公司,"交换机配置,CCNP证书",1-3年,社招,数据中心网络,2023/1/13,"熟悉思科或者华为交换机
熟悉思科或者华为无线"
网络工程师,数据中心网络,12-18K,嘉兴,闻泰通讯股份有限公司,"CCNA/CCNP,网络运维,CCIE,IT技术支持,网络运维经验,Zabbix/Prometheus,网络交换技术,交换机配置,网络工程师,路由器配置,HCIE,网络设备,网络规划设计",经验不限,社招,数据中心网络,2023/1/13,"1、熟悉TCP/IP的原理、主流路由协议和交换技术、网络环境搭建、配置、；
2、对网络技术感兴趣，拥有独立网络管理工作经验；
3、熟悉综合布线、监控、视频、集团电话、网络安全相关知识；
4、熟练掌握网络平台相关技术、如网管软件、防火墙、负载平衡、系统备份、熟悉防火墙、 无线路由器、交换机等；
5、及时解答和解决公司员工提出的 IT 应用问题；指导培训员工使用桌面电脑及相关软 件。
6、具备HCIP、HCIE、CCNP、CCIE、等相关安全证书者优先考虑；"
网络工程师,数据中心网络,5-8K,福州,福建思知行信息技术有限公司,网络,经验不限,社招,数据中心网络,2023/1/13,"1、配合工程师完成工作网络系统集成项目的安装，调试和系统培训；
2、参与计算机类课程的开发工作，负责内容校对、课程资源的优化；计算机类课程开发过程的材料收集、整理工作；计算机类课程推广和教学过程中的服务协助；
3、完成领导交代的其他工作。"
网络工程师,数据中心网络,8-10K,北京,北京天弘瑞智科技有限公司,网络维护、系统集成,3-5年,社招,数据中心网络,2023/1/13,"职位描述:
1、负责网络设备的安装、调试、维护、故障排除。
2、负责应用系统监控、巡检，保证应用系统稳定
3、负责网络基本功能测试,编写测试文档
4、推进日常运维自动化建设，提高工作效率，规范操作流程
5、生产测试环境搭建，系统网络部署及组织联调
任职要求：
1、学历要求：大学本科学历；
2、3年及以上以上网络维护、系统集成经验；
3、精通网络设备的配置，如路由器、交换机、防火墙、负载均衡设备等，精通TCP/IP等常见协议及主流产品技术；
4、有大型网络的安装、运维经验；
5、具备网络方案定制能力，网络故障的分析、判断、解决能力；
6、具备良好的沟通协调能力和服务态度，工作责任心强，积极主动，能吃苦耐劳；
7、较好的英文读、写水平，方案与标书撰写能力；
8、具有良好的团队意识，具有责任心，善于学习新知识；
9、熟悉华为网络产品者优先；
10、具备相关网络设备厂商原厂认证者优先。"
网络工程师,数据中心网络,8-13K,哈尔滨,黑龙江艾克森信息科技有限公司,"网络运维,网络设备,IT技术支持",3-5年,社招,数据中心网络,2023/1/13,"岗位要求：
1、计算机科学、通信技术或相关专业大专以上学历，3年以上相关工作经验者优先；
2、具有良好的敬业精神和团队协作能力，以及良好的沟通表达能力；
3、工作踏实肯干，有较强的工作责任心，能承受大的工作压力；
4、具有丰富的网络故障排查和解决经验，突出的分析和解决问题能力者优先；
5、能够接受省内出差
岗位职责：
1. 熟悉TCP/IP协议，路由及交换技术，能够胜任（交换机、路由器、防火墙、IPS、负载均衡等）的配置、调试及管理；
2.对网络安全体系有深入理解，有网络安全事件的紧急处置经验和能力，熟悉各类网络安全产品；
3.熟悉主流网络设备厂商：华为、Juniper、H3C、锐捷、CISCO等在故障处理IP网络内的应用；
4、落实完成公司领导交办的其他工作任务"
网络工程师,数据中心网络,3-8K,盐城,江苏贝姆乐电子商务有限公司,"故障处理,Windows,网络规划设计,路由器配置,网络自动化",1-3年,社招,数据中心网络,2023/1/13,"职位描述
1、负责公司办公环境的软、硬件和桌面系统的日常维护；
2、负责公司网络及其设备的维护、管理、故障排除等日常工作；
3、负责公司电话系统及弱电系统的维护、管理、故障排除等日常工作；
4、规划、设计、组建、调试、维护网络系统；
5、上级领导临时安排的其他工作。"
网络工程师,数据中心网络,5-8K,北京,北京英特信网络科技有限公司,"IT支持,网络",1年以内,社招,数据中心网络,2023/1/13,"岗位职责：
1、负责光盘打印刻录机的售后维护、管理、故障排除等工作；
3、为用户解决排除光盘打印刻录机各种软硬件故障，维修设备；
2、负责公司办公环境的软硬件和桌面系统的日常维护；
任职要求：
1、通信、计算机等相关专业，大专或以上学历；
2、熟悉和掌握各种计算机软硬件，可独立进行安装、调试及故障排除；
3、有较强的动手能力；工作主动性强，耐心细致，有责任心，具备团队合作精神。"
网络工程师,数据中心网络,5-6K,德州,广东鸿联九五信息产业有限公司,"Zabbix/Prometheus,网络运维经验,计算机相关专业",3-5年,社招,数据中心网络,2023/1/13,"1、提供呼叫中心现场网络技术服务支持；
2、负责网络设备的维护、管理等工作，根据相关网络事件提供相应的解决方案
3、处理日常网络问题，在出现网络安全事件时，提供应急响应服务，协助合作方恢复及调查取证
4、收集整理及分析合作方反馈的问题、需求等信息
精通AD域配置，组策略配置，精通DHCP、DNS配置；
精通华为/H3C/Cisco等网络设备的功能、配置，有HCNP/HCIE"
网络工程师,数据中心网络,4-6K,郑州,河南融浩通信工程有限公司,网络设备,1-3年,社招,数据中心网络,2023/1/13,"1、负责客户单位网络设安全设备的日常维护工作；
2、负责客户单位范围内的广域网、局域网络系统和网络安全的运维服务工作；
3、负责客户单位范围内的数据机房环境、机房辅助设备及机房安全的相关运维服务工作；
5、根据客户单位安全管理要求，协助做好网络、机房、桌面系统的安全保障工作；
6、负责客户单位网络及机房环境、系统的每日巡检工作，及时发现问题及处理问题，上报情况；
7、完成客户单位交办的其他工作"
网络工程师,数据中心网络,10-12K,上海,上海恒驰信息系统有限公司,"Python,网络建设/系统集成经验,网络运维经验,网络安全相关经验,HCNA/HCNP,HCIE",1-3年,社招,数据中心网络,2023/1/13,"岗位职责：
1.负责网络的日常运维工作，确保网络的安全性、稳定型、连续性。 
2.负责新增网络设备的上架、配置、入网, 响应突发的网络故障，完成故障的排查、诊断及修复；
3.负责网络设备变更的执行，包括设备重启、硬件的更换、ACL新增、VLAN变更、路由策略、设备软件升级等；
4.负责设备的系统配置信息或核心数据备份，供设备出现问题时紧急恢复用；
5.负责日常事件处理数据的记录、维护及分析；
6.负责定期更新设备资产台帐，包含设备品牌型号、拓扑图、VLAN表、维保信息等；
7.负责提交运维过程文档及汇报材料，包括巡检报告、运维周（月、年)报、故障处理报告。
任职资格
技术能力
1）熟悉以太网络基本协议和概念，具备HCIP网络能力；
2）熟悉网络设备的基础硬件知识及其组网方式和基本配置方法；
3）具备网络拓扑图绘制和应用能力、网络故障的独立诊断和维护的能力；
4）具备网络规划、网络优化、网络独立变更能力，能够独立输出相关方案计划。
5）服从客户及领导安排的其它工作；
6) 具有HCIE、CCIE证书及金融、大数据网络项目经验者优先。"
网络工程师,数据中心网络,5-7K,深圳,惠州市鼎力计算机科技有限公司,"Linux,Windows,SQL Server,网络设备,网络安全,计算机软件,交换机配置,故障处理",1-3年,社招,数据中心网络,2023/1/13,综合布线维护，监控实施与维护，电脑维护，龙岗上班，要有经验。*************
网络工程师,数据中心网络,5-8K,上海,上海东信同邦信息技术有限公司,网络,1年以内,社招,数据中心网络,2023/1/13,"公司专注在视频会议行业十几年，招聘的人员将在公司老板亲自带领培养下进入该领域，往独挡一面的综合素质培养。完成公司代理的宝利通，思科，华为，亿联，ZOOM，钉钉，腾讯，VR视频产品和自有EZSEE品牌视频会议产品的演示，安装，调试，验收等工作。
我们的目的不是想找几个可以上班的人，而是想找一些志同道合的人一起奋斗，公司与个人都能成长与发展。"
网络工程师,数据中心网络,4-6K,长沙,北京网元未来技术有限公司,"TCP协议,IP协议,网吧故障",经验不限,社招,数据中心网络,2023/1/13,"工作内容：
1、 协助甲方完成中国移动网吧调度任务。
2、 处理网吧游戏投诉，排查网吧故障原因
3、 通过甲方提供的设备及各类抓包工具远程解决网吧故障。
4、 通过微信、400电话等方式接收网吧投诉信息，并通过移动工单系统进行任务流转。
任职要求：
1、 值班人员为7X24小时轮班制，有夜班需求。
2、 要求计算机网络相关专业，工作年限1年以上。
3、 熟悉运营商组网架构。
4、 参与过运营商网络割接，机房设备上线等工程。
5、 熟悉TCP/IP基本网络原理，对网吧环境了解者优先，具有移动网络项目经验优先。
6、 熟悉wireshark抓包软件的使用。
7、 可以使用shell/python完成简单自动化运维任务者优先
8、 有国家级计算机,软件证书优先
福利：
1、 公司包住宿
2、 五险一金，各种福利其全"
网络工程师,数据中心网络,5-10K,天津,天津市瑞邦数码科技有限公司,网络运维,3-5年,社招,数据中心网络,2023/1/13,"遵守公司项目流程规范，完成相关项目的整体交付，保障项目客户满意度
项目售前技术支持， 必要的售前技术方案、实施方案输出
精通IP网络架构，熟悉TCP/IP协议，具备的网络规划能力
有H3C、华为、锐捷、CISCO等主流网络厂商设备调试经验
有二级等保项目实践，精通深信服、启明星辰、天融信等主流防火墙的安装、配置和调试
具备网络故障的分析、判断解决能力
具备H3CSE或华为、锐捷同等证书
同等条件下，具备H3CTE证书优先"
网络工程师,数据中心网络,6-8K,大连,大连今日在线科技发展有限公司,"网络运维,运维通信资格证书,CCNP证书,CCNA证书,网络设备,IT技术支持",3-5年,社招,数据中心网络,2023/1/13,"岗位职责：
1、负责网络设备的安装、配置、管理，提供网络设备维护方案；；
2、负责网络环境的管理，配置，排错，维护工作；
3、负责项目售前技术支持、实施与售后服务；
4、为客户提供IT软硬件方面的服务和支持。
任职要求：
1、 1-3年及以上工作经验；
2、 熟练配置防火墙、交换机、路由器等网络设备；
3、 具备网络故障的分析、判断、解决能力；
4、 学习能力强，有较强的沟通能力、文档编写能力和团队协作精神；
5、 积极主动，具备团队意识，具有高度的责任心，能够承受较强的工作压力；
6、 具有CCNA、CCNP同级别网络相关技术认证证书者优先考虑"
网络工程师,数据中心网络,5-6K,天津,当地（天津）科技有限公司,"交换机配置,IDC建立,路由器配置,故障处理,CCNA证书,RHCA,CCIE证书,CCNP证书",1-3年,社招,数据中心网络,2023/1/13,"工作内容：
1、负责集成项目服务器网络的安装、调试、安全稳定运行、监控等；
2、负责网络及设备的维护、管理、故障排查等日常管理工作；
3、负责与用户的技术交流及提供相关技术培训。
任职资格：
1、计算机、网络通讯专业，大专以上学历，至少1年及以上相关工作经验；
2、熟练掌握网络基础知识，具备动手能力，熟悉网络设备调试（华三、思科、华为等）；
3、精通路由交换相关知识，具有主流品牌相关网络技术资格证书优先；
4、身体健康、敬业勤奋、诚实协作、责任心强；
5、良好的服务意识、团队合作意识，高度的责任感和使命感。"
网络计算机,数据中心网络,4-5K,江门,南北药行江门有限公司,"交换机配置,网络自动化,故障处理,IDC维护,Java,C/C++",1-3年,社招,数据中心网络,2023/1/13,"1、计算机应用或电子商务专业；
2、懂得网络运维、ERP建设，信息化建设工作；
３、维护电脑网络系统设备的配置工作；网络建设及安全管理、服务器搭建及运行管理；
４、年龄22至30岁，性别不限；
５、能接受加班和工作压力；
６、有工作责任心；"
网络工程师,数据中心网络,7-12K,长沙,长沙浩熙信息科技有限公司,"网络,弱电,系统集成经验",3-5年,社招,数据中心网络,2023/1/13,"1. 负责项目售前顾问工作，熟悉弱电、网络、核心机房建设
2．负责组织制定追溯相关项目的技术方案编写、招投标相关文件编制工作；
3．配合项目经理、销售人员与用户的沟通，帮助销售协调资源，协助完成项目的深化设计；
4．追溯相关业务知识整理工作，相关设备选型和技术比较工作；
5．负责和参与对用户的短期培训和讲座；
6．完成相关领导交给的其他工作。
职位要求：
1.大专及以上学历，2年以上管理类软件、系统集成类或IT服务类售前工作经验；
2.有独立完成企业大型项目售前工作的成功案例，具备优秀的客户方案演讲能力；
3.较强的观察力和应变能力，高度的工作热情，良好的团队合作精神，能接受短期出差；
4.具有IT服务工作背景，对锐捷、华为、华为3具有一定了解的或具有协同管理软件公司、系统集成售前顾问经验者优先考虑。
工作时间：08:30--12:00 13:30--17:30
公司提供具有绝对市场竞争力的薪资水平，享有完善的福利制度，倡导快乐工作，快乐生活：
   1、公司为员工提供有市场竞争力的薪资水平；
   2、员工享有春节、元旦、五一、十一等国家规定的法定节假日，以及享有重大节日慰问金；
   3、员工享有年假、事假、病假、工伤假、产假、计划生育假、婚丧假；
   4、公司提供免费午餐或午餐补贴，员工享受生日礼物、结婚礼金、生子祝福等福利；
   5、公司每月组织体育活动、每季度组织集体活动；
   6、公司组织定期的培训，有利于员工职业生涯发展。"
网络工程师,数据中心网络,5-6K,榆林,西安三合智能科技有限公司,项目实施、网络系统,1-3年,社招,数据中心网络,2023/1/13,"任职资格
1、计算机/通信、或者建筑电气、机电一体化、电气、机械等相关专业，大专及以上学历；
2、有1-2年相关工作经验；无经验者但有意向的也可前来面试。
3、熟悉网络设备及小型机的安装、调试、维护；较强的分析、判断、解决能力；弱电智能化方面有意向的也可以前来面试。
4、有较强的沟通协调能力及高度责任心。
5、上班地点：榆林"
网络管理员,数据中心网络,3-6K,合肥,合肥市国驰机动车安全检测有限公司,"交换机配置,故障处理,路由器配置,SQL Server",经验不限,社招,数据中心网络,2023/1/13,"工作内容：
1、精通局域网专线搭建，对局域网常见问题能快速独立修复；
2、根据上级部门要求，在软件服务商的指导下对专线网络进行维护、升级以及问题排除解决；
3、熟悉公司办公网络的搭建，对办公区域网络进行日常维护、能独立解决突发问题等。
4、完成领导派发的其他网络任务。
职位要求：计算机、网络技术及相关行业者优先
工作时间：8:30-17:00，"
网络工程师,数据中心网络,9-11K,北京,北京众鑫创展网络科技有限公司,"运维通信资格证书,CCNP证书,CCIE证书,网络设备",3-5年,社招,数据中心网络,2023/1/13,"网络运维 1.5线
岗位职责要求：
1、负责网络故障处理。 
2、大专或以上学历,计算机相关专业（统招），
3、3年以上网络工作经验。
2、能够独立维护大中型局域网，熟悉交换机、路由器，熟练BGP/OSPF相关协议。
3、有CCNP、CCIE、HCNP、HCNE、HCIE证书（满足其中一个或同等相关技能）
4、具备良好的沟通协调能力强，
工作地址：北京市朝阳区美团总部恒电大厦С座"
网络管理员,数据中心网络,6-7K,深圳,中青旅山水酒店集团股份有限公司,"计算机相关专业,网络运维经验,网络安全相关经验,It,系统维护,项目经理",经验不限,社招,数据中心网络,2023/1/13,"岗位职责：
1、负责深圳区域下属门店网络及办公电脑日常管理和维护、维修;
2、负责公司服务器及系统的日常管理、维护;
3、负责深圳区域下属门店电话系统、邮件系统、门禁考勤系统的管理维护;
4、为公司提供技术上支持和指导;
5、负责公司OA、EAS、pms系统日常维护工作
任职要求
1、 大专以上学历，计算机及相关经验；具备良好的沟通能力
2、 2年以上相关工作经验，有主导升级公司系统的经验优先
上班时间: 大小周，朝九晚六，中午12点到两点午休。提供食宿。"
网络工程师,数据中心网络,4-7K,福州,福建意德信息技术有限公司,"故障处理,CCNP证书,Windows,Linux,交换机配置,路由器配置,网络自动化,网络规划设计",1-3年,社招,数据中心网络,2023/1/13,"岗位职责：
1、主要从事网络日常巡检、故障处理、设备性能优化、服务设备的资产管理、网络安全监控处理、相关应用系统运维、网络配置和割接、节假日保障；
2、从事网络技术方案编写与网络项目设计；
3、运维文档制作、更新和上级交代的其他工作；
岗位要求：
1、计算机、通信工程相关专业，大专以上学历，1年以上工作经验
2、熟悉Cisco、华为等相关主流厂家网络产品的操作和维护技能；
3、 熟悉行业业务流程和系统应用需求。具有一定的方案撰写能力；
4、 具有一定的技术方案设计经验，参与过网络项目的设计建设工作；
5、 具有CCNP以上（或、Huawei、H3C同等认证）原厂认证资质或相当能力水平优先考虑；
6、 具有较好的客户沟通能力与协作精神，具有一定的抗压能力。有较好的服务意识，高度责任感
企业优势：
1、周末双休、法定节假日；
2、六险+完善的带薪年假+节日福利+年终奖；
3、年度体检；
4、旅游福利；
5、丰富的员工活动。
6、年度加薪/晋升机会
员工发展：
公开透明+自我掌控的晋升机制。公司十分注重员工的职业发展，采取公平、公正、公开的员工内部晋升、竞聘体系，让员工走向不同岗位内部学习，更内部培育、储备管理精英，实现企业与员工发展的“双赢”。"
网络工程师,数据中心网络,4-6K,郑州,郑州泰阳人电子科技有限公司,"软件测试,功能测试,性能测试",1-3年,社招,数据中心网络,2023/1/13,精通计算机网络工程。对软件开发有一定的基础
网络工程师,数据中心网络,4-8K,北京,北京昕奇海业科技开发有限公司,"运维,网络,IT支持",经验不限,社招,数据中心网络,2023/1/13,公司拥有独家社区及写字楼宇 需要技术工程师几名 有经验者优先录取
网络工程师,数据中心网络,6-9K,上海,京自电气科技（上海）有限公司,交换机配置,1-3年,社招,数据中心网络,2023/1/13,"岗位描述
1、方案支持：了解客户需求，撰写售前方案提供技术澄清和产品选型支持。
2、项目现场服务：交换机，大屏，服务器等设备及系统的安装调试现场项目协调
岗位要求
1、大专以上学历为佳，计算机网络专业优先
2、有较强的沟通能力与学习能力
3、有项目实施经验优先
福利：缴纳社保、年终奖、每年固定调薪比例8%-10%，旅游，电话费补贴等福利"
网络工程师,数据中心网络,9-14K,深圳,深圳市中基自动化股份有限公司,"网络运维经验,网络建设/系统集成经验,网络安全相关经验",1-3年,社招,数据中心网络,2023/1/13,"岗位职责：
1.负责对全公司网络设施和其他附属硬件设施的管理和维护，优化公司的网络架构；
2.负责网络项目的方案选型和设备比对，保障网络基础建设项目顺利实施并达到预期效果；
3.及时处理网络故障，确保网络的正常运行；
4.网络基础建设方案的确认和相应设备选型、购买、安装、调试、变更等相关工作；
5.其它日常的工作事务等。
任职要求：
1 全日制本科或以上学历，计算机相关专业。3年以上网络运维管理经验，熟悉整体网络架构搭建；
2 熟悉主流网络产品，具有独立分析网络问题的能力，具备大型网络故障排查和解决的经验，能够快速处理网络紧急事件或疑难问题;
3.精通TCP/IP协议，熟悉BGP、OSPF等动态路由协议，熟悉SDN、QOS、VRF等技术;
4.熟悉主流的网络监控系统，掌握等一种或多种开发语言，能编写简单的自动化脚本;
5.沟通能力强，逻辑思维清晰，性格乐观开朗，具备良好的团队协作精神，有CCIE等相应认证优先。"
网络工程师,数据中心网络,3-8K,东营,山东华诚网络科技有限公司,"机房运维,安全运维,网络运维",3-5年,社招,数据中心网络,2023/1/13,"工作职责
1.依据项目技术方案，进行项目的硬件集成环境搭建、设备调试。
2.协调内部及外部相关人员完成项目实施工作。
3.配合项目经理协调内部及外部相关人员完成项目实施及验收工作。
4.其他相关工作。
职位要求
1、具有网络产品、网络安全产品、网络增值产品项目经验；  
2、对楼宇智能化建设、机房建设有一定了解；   
3、具有扎实的网络理论基础和技术工作经验，能够熟练掌握局域网及广域网的规划设计及实施；
4、精通主流厂商网络设备的安装、调试、配置和管理 ； 
5、具备良好的文档编写能力；   
 6、计算机相关专业，网络系统集成相关工作三年以上；     
7、工作主动、踏实、遵守纪律，具有团队协作精神，主动思考和学习、具有优秀的沟通和协调能力；     
8、诚信正直，责任心强，有吃苦精神
欢迎加入我们。"
网络工程师,数据中心网络,5-10K,淄博,淄博思创信息科技有限公司,负载均衡,1-3年,社招,数据中心网络,2023/1/13,"岗位描述
1.负责公司网络项目的技术支持与项目实施；
2.根据客户的业务及安全需求，调整数通、安全设备配置；定期对设备安全策略进行梳理、归并、优化，并定期对安全设备进行配置备份、系统升级等；
3.负责完成现有维保客户的网络安全设备的巡检，包括防火墙、入侵检测、负载均衡、安全审计、IPS、杀毒服务器等安全设备；"
网络工程师,数据中心网络,4-5K,丽水,丽水晨远网络科技有限公司,"故障处理,交换机配置,路由器配置,网络自动化,门禁系统,监控系统",1-3年,社招,数据中心网络,2023/1/13,主要负责监控，门禁，网络，电脑复印机等安装维修
网络工程师,数据中心网络,9-11K,广州,阅动（广东）信息技术有限公司,网络运维经验,1-3年,社招,数据中心网络,2023/1/13,"职位要求：
（1）可独立完成新华三数通产品的设备网络运维工作，负责现场保障、操作实施和项目规划、方案交流，对用户的网络建设提供有价值的规划建议；
（2）熟悉新华三或华为、思科等其它友商数通（路由交换、安全、无线等）产品，可以独立完成相关项目交付和维护；
（3）对TCP/IP，OSPF、BGP、MPLS VPN等常见协议有较深入的理解，熟练使用上述协议部署中型以上规模网络，具备网络规划能力，有运营商交付项目经验优先；
（4）与客户进行沟通，积极掌控网络日常维护计划并保证客户满意度；
（5）沟通流畅，逻辑性强，有较强的钻研精神和团队合作意识。
学历要求：大专及以上学历；
专业要求：通信、计算机、电子等相关专业，持有相关网络认证证书者优先"
网络工程师,数据中心网络,5-7K,衢州,浙江衢时代大数据科技有限公司,"CCNP证书,CCIE证书,网络设备,公有云",1-3年,社招,数据中心网络,2023/1/13,"1.负责系统升级、维护、优化及排错，保证系统安全、稳定与高效运行；
2.日常监控和维护管理包括但不仅限于网络巡检、业务调度、故障响应与修复、应急预案制定与执行、以及
各项表报信息统计等；
3.负责交换机、路由器、防火墙及承载业务的开通、调试、排错等工作；
4.协助处理服务器、存储、虚拟化、应用等规划、安装、测试与部署实施；
5.协助处理系统平台内的需求分析、方案设计、系统部署及维护工作；
6.协助项目经理及系统运维团队，提供必要的云计算、虚拟化、存储备份等系统内的网络技术支持支撑服
务。
任职要求：
1计算机、网络工程等相关专业，二年以上相关工作经验；具备系统的网络知识体系学习经历
2熟悉系统、网络、存储、安全等基本原理有较强的操作能力；
3熟悉路由和交换技术，掌握VLAN、OSPF、BGP、ISIS、MPLS等各种数通网络
4需具有厂家技术认证（如CCNP、CCIE、HCNP)如有云大厂的技术认证更佳
5了解主流公有云平台（如阿里云、腾讯云、华为云、AWS云等）架构及技术特性，从事过云平台使用及维
护者优先"
网络工程师,数据中心网络,3-5K,南昌,江西联普信息技术有限公司,计算机相关专业,1-3年,社招,数据中心网络,2023/1/13,打印机，夏普复印机维修（精通复印机最好），电脑维修
网络工程师,数据中心网络,6-9K,广州,广州云视通科技有限公司,"故障处理,网络工程师证,CCNA证书,CCNP证书,交换机配置,路由器配置",3-5年,社招,数据中心网络,2023/1/13,"岗位职责：
1、负责视频会议及外围音视频系统整体解决方案的规划、设计，同客户进行方案交流，对项目进行整体跟进。
2、负责公司视频会议系统及外围音视频设备集成项目的安装调试工作，并解决客户在系统使用中的产品售后问题。
3、负责客户现场视频会议系统相关设备的故障排查、设备巡检等售后服务工作。
4、负责在客户现场运维保障工作，确保客户日常重要的视频会议正常召开。
岗位要求：
1、计算机工程、网络工程、电子信息技术、通信工程等相关专业大专以上学历。
2、具备计算机网络方面的技术知识，最好持有HCIA或同等认证证书。
3、熟悉思科、宝利通、华为等视频会议设备的安装、调试、故障排查，能单独进行视频会议现场保障工作。
4、熟练掌握虚拟化环境、Windows server、Linux的安装、操作以及日常运维；
5、熟练掌握Word、PowerPoint、Excel等办公软件的使用；具备方案编写的能力；
6、三年或以上网络工程师相关工作经验，有视频会议工作经验者优先，具备较强的学习钻研能力。
7、须具备强烈的工作责任心，良好的客户服务意识，积极追求上进的态度。
8、工作思维清晰，表达清楚，拥有良好的团队合作意识，为人性格开朗能吃苦耐劳，能适应短期出差。
薪酬面议。"
网络工程师,数据中心网络,5-6K,厦门,惠正（厦门）跨境电商有限公司,"系统管理员,安全,运维",3-5年,社招,数据中心网络,2023/1/13,熟悉商场收银系统，对网络问题能及时解决。处理问题迅速，做事不拖拉。
网络管理员,数据中心网络,3-4K,郴州,湖南资兴东江狗脑贡茶业有限公司,"系统运维,桌面运维,计算机软件,网络运维,安全运维,运维监控,自动化运维,机房运维",1-3年,社招,数据中心网络,2023/1/13,"工作内容：
1. 负责网络及其设备的维护、管理、故障排除等日常工作，确保公司网络日常的正常运作；
2. 负责公司办公环境的软硬件和桌面系统的日常维护；
3. 维护和监控公司局域网、广域网，保证其正常运行，确保局域网、广域网在工作期间内安全稳定运行；
4. 安装和维护公司计算机、服务器系统软件和应用软件，同时为其他部门提供软硬件技术支持；
5. 解决排除各种软硬件故障，做好记录，定期制作系统运行报告；
6. 处理数据，对系统数据进行备份。"
网络工程师,数据中心网络,6-8K,北京,北京中泓恒源建材科技有限公司,"网络,维护",1-3年,社招,数据中心网络,2023/1/13,"岗位职责：
1、负责电脑维护，保证正常运行；负责打印设备网络连接，保障电话畅通；
2、负责服务器、监控设备数据备份；负责公司考勤系统管理；
3、负责服务器、交换机、路由器及办公设备的日常技术支持； 
4、操控ERP管理系统，车辆GPS；
5、完成部门领导分配的其它工作。
任职要求：
1、计算机相关专业，1年以上网管相关工作经验，办公电脑熟练。
2、具有良好沟通协调能力，执行力；
3、具有混凝土行业工作经验者优先录用。
福利待遇：
1、管吃管住；
2、五险。"
网络工程师,数据中心网络,5-6K,东莞,广东凯赛科技有限公司,网络工程师,1-3年,社招,数据中心网络,2023/1/13,"1、	能熟练应用CAD绘图软件，具有2年以上IT行业工作经验，对IT类产品及行业应用有一定了解， 能提供行业应用解决方案，技术方案的编写及PPT讲解；
2、	有网络工程项目售前技术支持工作经验， 包括客户技术咨询、需求了解、产品测试等；
3、	有工地现场管理工作经验，包括工程进度安排、人员管理、客户协调等；
4、	掌握机房、网络、综合布线、安防监控、公共广播等数据通信产品的安装和调试；
5、	要求计算机或通信网络相关专业，有良好的语言沟通和文字编写能力，要求责任心强、具有团队协作精神。"
网络工程师,数据中心网络,7-11K,西安,西安海平方网络科技有限公司,"故障处理,网络自动化,路由器配置,交换机配置",1-3年,社招,数据中心网络,2023/1/13,"岗位职责：
1、负责公司办公设备及网络的日常维护及故障处理，根据不同岗位需求匹配相应的设备配置，并根据现有设备做好管理及规划；
2、负责病毒的查杀，维护网络系统安全；
3、负责内部信息系统建设、维护；进行域名、后台数据、邮箱管理等；
4、负责制定公司网络安全规划，梳理各岗位的访问权限，并做好相关的部署及管理；
5、根据各岗位的访问权限及工作需求，整理操作手册及安全管理规范并培训新员工；
任职资格：
1、专科及以上，通信类、计算机相关专业，3年以上相关岗位工作经验；
2、精通shell，熟练使用ms ADDS、dns、exchange；
3、掌握centos\alpinelinux的使用与维护；
4、有服务器硬件、pc的维护(例如：helpdesk等)相关经验，能够进行网络设备配置；
5、有运维经验:kubernetes、docker、jenkins、数据库维护或编码经验者优先；
6、有较强的独立分析问题和解决问题的能力。
未来发展方向（根据个人情况及意愿）：
高级网络管理工程师、运维工程师、网络安全工程师、服务器开发工程师、综合管理岗等。"
网络工程师,数据中心网络,5-10K,广州,广州朗桥维视通信技术有限公司,"故障处理,HCIP,设备安装",1-3年,社招,数据中心网络,2023/1/13,"应届本科毕业生可投
任职要求：
1.大学本科及以上学历，计算机、通信、电子类相关专业优先；
2.熟悉TCP/IP协议，对路由协议、局域网交换、MPLS技术、QoS等有较好的了解；
3.熟悉网络产品（例如cisco、juniper、华为、H3C、中兴）以及相关网络应用技术；
4.精通路由器、交换机及防火墙等网络设备的安装、配置、调试和维护。
5.拥有出色的学习能力、解决问题能力和动手能力，敏锐的风险意识和良好的风险识别能力；
6.具有思科、华为、H3C认证证书的优先；
7、有运营商项目实施经验者优先。
工作职责：
1、7*24监控骨干网络运行情况及客户服务状况，处理各类型故障；
2、发现并反馈日常运维中的问题与隐患，收集并汇报日常运维数据；
3、内部升级重大故障，出具故障报告和技术分析，制定优化实施方案；
4、巡检骨干节点机房 ，审核机房运维状况；
5、执行各类维护任务（如设备维护、线路升级），提高网络整体性能；
6、测试并分析网络性能，评估网络潜在风险 ，参与制定工作流程标准。
薪酬福利：
1、公司为员工提供有竞争力的薪资待遇，入职起购买五险一金，意外险；
2、工作时间：9:00-12:30，14:00-18:00，双休，国家法定节假期、带薪年假、带薪病假等；
3、丰富多彩的员工活动：下午茶、部门团建、员工聚餐、旅游活动、节假日福利、年度体检等。"
网络工程师,数据中心网络,15-23K,北京,北明软件有限公司,"运维通信资格证书,网络规划设计,路由器配置,交换机配置,网络工程师证",3-5年,社招,数据中心网络,2023/1/13,"1、负责网络项目的售前、售后实施和电话支持服务；
2、掌握主流品牌的网络设备如华为、华三、思科及主流网络管理，安全厂商产品的安装、配置和调试技术，能独立完成实施工作；
3、熟悉主流网络技术应用，如BGP、MPLS VPN、WLAN、SDN、SD-WAN、IPV6等；
4、能独立完成网络系统的设计、交付、割接、验收、故障处理等工作；
5、使用Visio软件；
6、有良好的人际沟通能力和最终客户工程服务经验，成熟的心里素质；
7、工作积极进取，具有团队合作精神；
8、通过HCIP、HCIE、CCNP、CCIE等相关数通认证者优先；
9、可适应出差。"
网络管理员,数据中心网络,6-10K,吉安,深圳嘉立创科技集团股份有限公司,"DNS解析过程,主流路由器,防火墙,VPN,路由器配置",1-3年,社招,数据中心网络,2023/1/13,"【岗位职责】
1、负责网络及其设备的维护、管理、故障排除等日常工作，确保公司网络日常的正常运作；
2、负责公司办公环境的软硬件和桌面系统的日常维护；
3、提供技术咨询、技术意见和解决方案；
4、维护常见硬件服务器；
【任职要求】
1、专科及以上学历；
2、熟悉主流硬件厂商各个软、硬件设备，包含：防火墙、VPN、虚拟桌面、无线设备、路由器、交换机等产品工作原理及设备调试
3、熟悉综合布线、机房网络搭建、整改；
4、有丰富的网络基础，如：DNS解析过程、主流路由器、交换机（华为、H3C、思科）调试配置；
5、维护内部物理、虚拟服务器；
6、可接受短期出差；
7、积极乐观并善于沟通、表达；"
网络工程师,数据中心网络,5-6K,北京,北京华宇林枫科技有限公司,"交换机配置,故障处理,路由器配置,Linux,Windows",经验不限,社招,数据中心网络,2023/1/13,"1.执行考试场地网络测试，写测试报告；
2.熟悉网络设置，路由器搭建；
3.负责考试网络和路由器正常运行；
4.能够出差，责任心强，勤奋；
5.考试及其他工作；"
网络工程师,数据中心网络,4-5K,景德镇,景德镇市贝汉美陶瓷有限公司,"网络自动化,故障处理,网络规划设计",1-3年,社招,数据中心网络,2023/1/13,企业网络维护，软硬件维护，管理系统维护
网络工程师,数据中心网络,4-6K,北京,北京中盛恒达科技有限责任公司,网络,1年以内,社招,数据中心网络,2023/1/13,熟悉网络知识，独立安装和调试网络和安全设备(华为，华三，深信服等)
网络工程师,数据中心网络,3-6K,南阳,南阳市立林电子有限公司,运维,1年以内,社招,数据中心网络,2023/1/13,"弱电综合布线
无线网络覆盖
智能停车场
数字监控系统"
网络工程师,数据中心网络,3-8K,淮南,淮南市希望办公设备有限公司,"网络工程师证,CCNA证书,运维通信资格证书,交换机配置,网络自动化,网络规划设计,负载均衡,路由器配置",1-3年,社招,数据中心网络,2023/1/13,岗位要求： 1、为人正直、诚信、有上进心； 2、具有较强的自主学习能力，良好的客户服务观念、工作责任心； 3、具有良好的沟通及表达能力，具有合作精神； 4、具有系统集成等领域的工作经验（优秀应届生亦可）； 5、熟悉交换路由、防火墙等网络设备配置及排错； 6、熟悉网络设备、服务器安装、调试、维护；熟悉计算机网络和网络安全的调试 7、建立完整的网络系统文档； 8、根据客户需求设计信息化解决方案，按照文档规范整理编写技术支持文档； 9、负责公司项目的招投标工作，包括投标文件设计、投标应答、讲解与答疑； 福利待遇：1、提供午餐补助、交通补助、通讯补助、出差的额外补助；2、根据绩效考核情况发放奖金；6、工资待遇3000~8000元不等，工资主要按照技能加考核，技能为主。 优选条件： 1、具备网络配置故障的分析、判断、解决能力； 2、具备网络抓包分析、判断、解决能力； 3、有华为或Cisco的NA/NP，绿盟、深信服、科来、VMware厂商的相关技术认证者； 4、有信息项目经理证书的，能够胜任项目经理者。
网络工程师,数据中心网络,3-5K,淮安,涟水鸿元电脑服务部,"交换机配置,故障处理,路由器配置,网络自动化,网络规划设计",经验不限,社招,数据中心网络,2023/1/13,全职，送货 维修安装，学徒工也可以
网络工程师,数据中心网络,5-8K,青岛,青岛润宏发电子信息科技有限公司,"网络设备,网络布线,网络监控",经验不限,社招,数据中心网络,2023/1/13,弱电智能化 监控安装
网络工程师,数据中心网络,5-7K,重庆,纬创资通（重庆）有限公司,"CCNP证书,Linux,Windows,网络工程师证,CCNA证书",经验不限,社招,数据中心网络,2023/1/13,负责公司网络及其设备的维护、管理、故障排除等日常工作，确保公司网络日常的正常运作
网络工程师,数据中心网络,5-8K,济南,山东耕途信息技术有限公司,交换机配置,1年以内,社招,数据中心网络,2023/1/13,"任职要求：大专以上学历，计算机、网络技术等相关专业。沟通表达能力较强，事务协调能力较强，情商非常在线。
职位描述：
1.机房、设备与网络系统安全管理、操作系统安全维护与使用服务；
2.负责网络设备的安装、调试、运维等工作；
3.精通IP网络基础知识和网络安全技术，能够独立配置路由器、交换机等设备；
4.熟悉网络、监控、综合布线、视频会议等智能化系统；
5.能熟练运用office、PPT、CAD等软件；
6.调试网络、保障视频会议系统；熟悉服务器安全配置部署，维护。
7.政府单位驻场"
网络工程师,数据中心网络,5-7K,清远,清远市勇创电脑科技有限公司,"网络运维,系统运维,IT技术支持,网络交换技术,网络系统管理,网络设备,IT服务,网络安全",1-3年,社招,数据中心网络,2023/1/13,"岗位职责：
1、交换机、路由器、防火墙等设备的安装调试；
2、具有网络排错思路，能够快速定位与排除故障；
3、根据需求，制定网络设计或实施方案；
4、领导安排的其他工作。
任职要求：
1、大专及以上学历，计算机相关专业；
2、对安全设备如IPS、IDS、链路均衡、流控等设备有一定了解及简单配置；
3、具有网络设计规划、实施、调优的能力；
4、拥有CCNP、CCIE、H3CSE等认证或相关培训经历；
5、善于表达沟通，诚实守信，责任心强，有良好的团队协作精神。
工作时间： 早上9:00-18:00，中午休息1小时，星期天休息。正式入职购买医保社保，员工意外保险；交通补贴、通讯补贴、午餐补贴。"
网络工程师,数据中心网络,3-6K,石家庄,河北精进科技有限公司,"IT支持,系统运维,网络",1年以内,社招,数据中心网络,2023/1/13,安防监控及网络施工人员，熟悉监控安装及设计方案，可以出差（主要是石家庄郊县）
网络工程师,数据中心网络,6-11K,南京,南京云锐创捷信息科技有限公司,"计算机相关专业,网络建设/系统集成经验,网络安全相关经验,CCNA/CCNP,HCIE",1-3年,社招,数据中心网络,2023/1/13,"岗位职责：
负责公司网络项目客户现场实施、负责公司内部网络维护、负责公司项目方案、实施文档、竣工文档编写、熟悉Adobe Photoshop工具的应用
任职要求：
1、熟悉TCP/IP的原理，精通路由、交换、安全、VPN、NLB等技术，熟悉交换机、路由器、服务器、防火墙、入侵防御、存储等设备的工作原理和特性;
2、熟悉主流网络厂商、安全厂商、服务器厂商、存储厂商的产品和解决方案，具有Cisco、华为、H3C等产品安装调试经验和故障诊断的能力，对大型网络架构有基本了解;
4、具有主流网络厂商中级以上认证、CISSP/CISP/CCSP/CCIE/CCNP等证书者优先，精通组播协议技术者优先;
5、通信或计算机相关专业专科以上学历。"
网络工程师,数据中心网络,5-7K,盐城,江苏火星科技有限公司,"网络运维,安全运维,运维工程师,机房运维,IT技术支持,网络协议,网络交换技术,网络设备",1-3年,社招,数据中心网络,2023/1/13,"我公司主要从事安防，网络，门禁，车牌识别，LED大屏，音响会议系统设备的安装调试维护等工程。公司现有电子与智能化二级资质。
现希望应聘的您是：
1. 计算机相关专业，熟悉计算机及网络相关知识；
2. 具有弱电系统经验（主要是门禁，、监控，入侵报警、综合布线、通信机房设备安装/调试、计算机网络系统、安防系统等）；
3. 具有两年以上弱电行业工作经验；熟悉弱电行业的相关规范和标准等，具备较强的项目及团队管理协调能力；
4. 工作热情，责任心强，富有创新精神，具有良好的学习能力、分析问题和解决问题的能力；
5. 人际沟通能力强，具有良好的团队协作精神"
网络工程师,数据中心网络,10-15K,北京,北京信联迅达科技有限公司,"运维通信资格证书,CCNP证书,CCNA证书",1-3年,社招,数据中心网络,2023/1/13,"岗位职责：
1、 通过公司软件对客户网络测试，分析，并撰写网络质量分析报告等；
2、 编写本公司软件的使用手册、培训文档，并对用户进行现场培训等；
3、 公司产品的售前支持工作，撰写标准公司产品和技术方案文档、产品宣传资料撰写等工作；配合销售经理开拓客户，与客户进行技术交流，讲解技术方案，演示产品并解答客户问题；
4、 参与项目投标工作，包括与客户进行技术交流、编写技术建议书、现场技术方案演讲、投标文件编写等；
5、 熟悉公司产品，并与用户交流沟通，挖掘用户需求，并完成业务咨询、客户需求分析等工作；
任职要求：
1、 本科及以上学历，2年以上工作经验；
2、 了解Linux系统操作、熟悉网络设备工作原理、了解常见网络协议（TCP/IP、HTTP/HTTPS）；
3、 具有技术支持/linux运维/网络运维工作/售前工作经验；
4、 使用Word、Excle、Powerpoint 等办公软件；
5、 具备良好的语言表达能力，普通话良好、责任心强；
6、 具备ISP网络运维经验，或CCNA/CCNP以及同等资格证书优先考虑；"
网络管理员,数据中心网络,4-7K,泉州,福建泉州利讯儿童用品有限公司,"Windows,网络设备,网络安全,IT服务,交换机配置,故障处理,网络规划设计,路由器配置",1-3年,社招,数据中心网络,2023/1/13,"岗位职责：
1、负责集团总部办公区所有IT硬件设备的安装和维护，负责公司网络系统的日常运行和维护，保证网络运行畅通；
2、负责公司网络安全，避免公司计算机及相关产品和公司网络被病毒攻击；
3、负责集团总部IT设备资产的管理，负责公司音响、多媒体会议等设备的安装、维护和使用，并定期检查，保证任何时刻会议都能正常运行；
4、负责公司加密系统的维护；
5、负责定期优化、更新、安装、升级公司电脑系统和软件，确保能正常运行；
任职要求：
1、专科以上学历，一年以上相关工作经验，计算机相关专业毕业优先。
2、较强的软硬件维护知识，熟悉电脑软硬件的安装、调试与维护；能及时排除电脑及打印机常见故障维修能力。
3、具有极强的工作责任心、严谨细致的工作态度、勤奋诚实、良好沟通协调能力，服从上级领导的工作安排。"
网络工程师,数据中心网络,6-11K,商丘,宁陵牧原农牧有限公司,"网络运维,运维监控,网络协议,网络设备",1-3年,社招,数据中心网络,2023/1/13,"网络工程师
岗位需求（每个子公司3人）
岗位职责：
1、负责场区网络架构的规划和设计，为智能化养殖场建设做支撑；
2、做好运营商和供应商的开发与管理，合作建设场区监控系统，保障场区运营的安全性；
3、面向现场及相关使用人员进行智能化及网络化培训，提供技术指导，协助做好故障解决、性能优化及日常维护等工作；
4、不断引进新设备，新技术，提高公司工作效率；
5、完成上级交办的其他工作。
工作地点：周口，开封，商丘
试用期:1-6个月 试用期薪资： 5100-6100
转正后薪资：6000-15000
面试流程：人资-业务部门-总部
岗位要求：
1、学历*****，应届毕业生,往届生 全日制专科或本科以上学历，年龄不超过35岁。
2、专业需求：网络工程、计算机科学与技术、电子科学与技术等相关专业
3、技术要求：
①具有扎实的网络基础，熟悉TCP/IP协议，华为网络设备，包括但不限于交换机、路由器的安装实施以及故障排除，基础办公设备的维护等，有较强的沟通协调能力。
②熟悉安防监控等技术，有1年及以上网络或安防监控项目实施、运维经验
其他：35岁以下，有驾照者优先"
网络管理员,数据中心网络,40-50K,北京,北京嗖嗖快跑科技有限公司,"网络规划设计,网络自动化,故障处理",1-3年,社招,数据中心网络,2023/1/13,"1、核心网络设备的管理与维护，网管系统的管理与维护，网络结构调整需求沟通与协调；
2、处理重大网络故障，排解疑难网络问题；
3、制定网络建设的技术标准、安全防范标准和运维管理制度；
4、参与信息安全管理和应用系统建设。
岗位要求：
1、计算机网络工程及相关专业，本科及以上学历，5年以上工作经验，有大规模网络规划设计及建设管理经验者；2、具备 CCIE 或主流网络设备厂商高级认证；3、精通 TCP/IP 协议及路由交换交换体系架构 （MPLS/OSPF/QOS），有扎实的网络和系统基础知识；4、精通主流网络路由器、交换机、防火墙、负载均 衡协议及配置；5、具备丰富的中、大型计算机局域网/广域网规划、设计、部署、管理经验，包括网络架构设计、网络设备部署与管理、安全设备部署与管理、网管系统建设与管理（Zabbix）、DNS/DHCP部署与管理等；6、思维清晰、逻辑严密、能够清楚地表述问题。具备较强的独立工作与团队协作能力、工作态度积极。"
网络工程师,数据中心网络,4-5K,北京,北京七星时代网络科技发展有限公司,"机房运维,网络,网络设备调试",经验不限,社招,数据中心网络,2023/1/13,我们是一家施工单位，弱电布线，设备调试安装。
网络工程师,数据中心网络,13-25K,深圳,比亚迪汽车工业有限公司,"网络运维,公有云,私有云,华为,华三,交换机",3-5年,社招,数据中心网络,2023/1/13,"岗位职责：
1. 负责智能网联项目网络架构的规划、设计、调整和优化；
2. 负责智能网联项目网络相关技术文档及管理规定的编写；
3. 负责公有云、私有云网络的日常管理维护及监控；
4. 负责公有云、私有云网络的日常及紧急故障分析及处理；
岗位要求：
1. 本科及以上学历，计算机相关专业优先；
2. 3年以上网络管理相关工作经验；
3. 具备良好的沟通能力以及分析和解决问题的能力；
4. 熟悉常见华为、华三等主流路由器、交换机等网络设备配置和部署；
5. 熟悉华为云、阿里云、腾讯云等主流公有云的网络配置和部署；
6. 熟悉车联网网络架构，包括4G/5G网络、电话网络者优先；"
网络工程师,数据中心网络,5-8K,常州,上海数渊信息科技有限公司,"网络,网络实施",经验不限,社招,数据中心网络,2023/1/13,"岗位职责：
1、公司相关项目的设备调试、维保运维；
2、负责组织施工的技术准备，熟悉图纸、完成施工技术资料的准备工作；
3、提供施工阶段技术支持，建立施工技术管理体系，积极贯彻执行各项施工规范要求，及时确定施工方案等，及时向项目经理部提出合理化建议并落实；
4、安排竣工验收工作，完成设备向甲方的移交。
岗位要求
1、计算机相关专业；
2、熟悉计算机网络相关知识；
3、性格开朗，有较好的沟通协调能力、能适应加班和出差。"
网络工程师,数据中心网络,5-7K,福州,南威软件股份有限公司,"交换机配置,视频监控",经验不限,社招,数据中心网络,2023/1/13,"1.	协助项目组，进行监控视频平台和物联网平台的运维工作；
2.	完成前端设备（如，监控摄像头）和平台的对接工作；
3.	进行智能化项目的基本网络配置；
4.	配合公司项目，与甲方技术部门进行沟通，维护好客勤关系；
5.	完成领导交办的其他任务。
任职要求：
1.	数通相关专业/通信/电子/计算机本科及以上学历；
2.	熟悉视频监控系统，有相关经验优先；
3.	了解视频监控系统相关网络组网方式；
4.	有较强的学习能力、协作能力、执行力和沟通能力。
【就职单位为南威旗下控股子公司，福建万福信息技术有限公司】"
网络安全售后服务工程师,数据中心网络,4-8K,长春,长春天一信科技有限公司,"网络运维,机房运维",1-3年,社招,数据中心网络,2023/1/13,"1、能够独立完成华为、奇安信等数通安全方面售后服务工作，能够对大型系统进行故障排查及处理。
2、能够参与数通安全项目的实施工作，包括实施方案、工期规划、质量控制、核心设备的安装调试、项目验收等环节。
3、衣着得体，形象大方，具有与客户清晰沟通表达能力，能够进行业务培训，获得客户满意度。
4、具备2年以上行业用户、政府、教育、医疗等数据中心机房网络规划、实施、售后经验优先。
5、计算机相关专业，具备国内知名厂商数通或安全证书优先。
6、熟练掌握Office、Visio、亿图等相关办公软件。"
网络管理员,数据中心网络,2-3K,广元,广元市凤台国际酒店有限公司,"网管,IT",经验不限,社招,数据中心网络,2023/1/13,"1、负责酒店数据维护、电脑维护、网络维护；
2、负责网络规划、设计、配置调试等工作。
3、根据酒店实际情况安排制定公司网络、改造规划方案。
4、负责网络设备的管理、使用和维护。
5、负责酒店打印机等IT相关设备维护。
6、负责酒店计算机等网络设备的维护和技术支持，为酒店应用网络系统提供技术支持和服务。
7、监管各种服务器和网络设备的密码和使用权限。"
网络工程师,数据中心网络,6-9K,苏州,苏州申浪信息科技有限公司,"CCNP证书,运维通信资格证书,CCIE证书,CCNA证书",1年以内,社招,数据中心网络,2023/1/13,"工作职责
1、有网络基础、熟悉网络设备路由交换无线配置调试；
2、有对应网络厂商设备调试使用工作经验或者使用经验；
3、有一定故障排错能力，了解网络架构和故障分析经验；
4、对系统集成各方面有一点了解；
5、熟悉网络安全产品功能，国内外安全产品不仅限于防火墙、ACM、IPS、WAF、数据备份优先；
岗位要求
1、有一年以上的IT行业的工作经验；
2、具备良好的沟通协调能力，具有良好的逻辑性；
3、具备良好的团队协作精神、敬业精神，责任心强、积极主动；
4、拥有 CCIE、CCNA、CCNP及以上认证优先考虑；"
网络工程师,数据中心网络,3-8K,开封,河南中科信安科技有限公司,"通信/工程相关专业,网络建设/系统集成经验,网络运维经验,系统集成项目管理工程师,信息系统项目管理师,CCNA/CCNP",1-3年,社招,数据中心网络,2023/1/13,"岗位职责：
1、负责客户单位网络设安全设备的日常维护工作；
2、负责客户单位范围内的广域网、局域网络系统和网络安全的运维服务工作；
3、负责客户单位范围内的数据机房环境、机房辅助设备及机房安全的相关运维服务工作；
4、根据客户单位安全管理要求，协助做好网络、机房、桌面系统的安全保障工作；
5、负责客户单位网络及机房环境、系统的巡检工作，及时发现问题、处理问题，上报情况。
任职要求：
1、全日制统招大专学历及以上，计算机相关专业；
2、精通服务器、数据库及主流路由器、交换机的配置管理；
3、了解网络、综合布线、监控、广播等弱电工程；
4、具备独立完成工程项目的能力和学习能力，具备团队协作精神。"
网络工程师,数据中心网络,8-12K,成都,杭州卓软科技有限公司,计算机相关专业,1-3年,社招,数据中心网络,2023/1/13,"工作职责
1.作为网络运营服务履行团队的一员，处理网络基础设施运营和服务请求，以维护和增强可用性、稳定性和弹性。向网络运营服务履行团队领导汇报
1.成为团队的一员，相互协作解决所有事件，并成为事件管理团队所有事件的上报点
3.负责监控和解决该地区的所有网络基础设施事故
4.能够在SLA时限内解决事件，包括自动化和改进现有流程
5.管理第三方供应商，包括电信公司，及时解决事故。
6.识别任何影响网络可用性的潜在风险，并上报给下一级运营工程团队
负责处理跨数据网络、安全基础设施的BAU服务请求，例如防火墙策略变更、配置强化等。减轻任何潜在的风险并实现良好的上市时间
7.与当地国家网络团队和各种技术团队就亚洲的事故和服务请求进行沟通
遵守企业服务管理实践，包括但不限于事件、问题、变更管理
8.负责企业防火墙规则、局域网、广域网(包括思科设备)的设计、实施和配置；软件定义网络；阿鲁巴等。
9.需要网络安全知识，以确保所有安全政策和程序都按照安全政策和指导方针执行。
任职资格
1. 中英双语工作，良好的英语口语能力优先
2. 网络设备、防火墙的实操经验 （硬性要求）， 具有Cisco经验最好，华为次之。
3. 自行配置变更
4. 稳定，不要频繁变更工作"
网络工程师,数据中心网络,10-15K,厦门,厦门铃盛软件有限公司,"路由器配置,交换机配置,故障处理,CCNA证书,CCNP证书",3-5年,社招,数据中心网络,2023/1/13,"RingCentral Video integrates messaging with video to make conversation, collaboration and connection more meaningful than ever, no matter where or how people want to work.
 
Job Responsibilities / Requirements:
 
Network Administrator
Responsibilities
•	Design and deploy functional networks (LAN, WLAN, WAN)
•	Configure and install software, servers, routers and other network devices
•	Monitor network performance and integrity
•	Resolve issues tiers of support have escalated by troubleshooting cloud and local infrastructure
•	Automate tasks and monitor their effectiveness
•	Mentor team members on technical issues
•	Create, oversee and test security measures (e.g., access authentication and disaster recovery)
•	Communicate with users when needed
•	Maintain complete technical documentation
•	Suggest improvements to network performance, capacity and scalability
Requirements
•	Industry-related experience as a Network Administrator
•	Professional certification is a plus (e.g. ,JNCIA, CCNP, CCDP)
•	Solid background in network administration and architecture
•	On-prem/cloud firewall and SDWAN configuration and Deployment
•	VPN troubleshooting Forticlient/Global Protect etc
•	In-depth understanding of communication protocols (mainly TCP/IP) and routing protocols (e.g. ,IPSEC,BGP, OSPF), and VOIP, QoS
•	Familiarity with access control models and network security
•	Knowledge of coding languages for scripting would be nice to have (e.g. Python, Perl)
•	Experience with network diagnostic, monitoring and analysis tools (e.g., LogicMonitor,ThousandEyes etc, and other network tools)
•	Solid understanding of network operating systems (JUNOS, Cisco IOS, FortiOS, PanOS etc)
•	Depth knowledge of switching routing 
•	AWS routing/switching, VPC connectivity is a plus
•	Sharp troubleshooting skills
•	Ability to work independently
•	Organizational and mentoring skills
BSc/BA in Computer Science, Engineering or a related field"
网络工程师,数据中心网络,5-8K,兰州,兰州理想科视信息系统有限公司,"运维监控,网络协议,网络交换技术,服务器配置,网络工程师证",1-3年,社招,数据中心网络,2023/1/13,熟悉监控系统，能够独立完成系统前期搭建，熟悉掌握网络技术，能够对各种服务器进行调试，维护，安装等工作。
网络工程师,数据中心网络,5-6K,上海,上海懿睿信息科技有限公司,"计算机相关专业,通信/工程相关专业,网络安全相关经验,IT支持,网络,网络安全",1-3年,社招,数据中心网络,2023/1/13,"职位：
网络工程师
职责：
1、公司项目的售前、售中及售后支持工作；
2、能配置华为、思科的路由交换产品，如vlan、静态路由、Trunk等，能配置WLAN和安全产品；
3、能简单的操作服务器，比如安装系统，创建磁盘阵列等；
4、配合项目经理完成其他项目工作；
5.良好的售后服务意识，售后文档的建立和归档。
技能要求：
1、学历不限，专业不限，只要你有能力，敢来挑战；
2、公司特别看重员工的三个方面：责任感、上进心及自学能力；
3、一到两年的网络管理、服务器管理工作经验，能对网络故障进行快速定位和排除；
4、熟悉服务器、路由器、交换机、防火墙的基本维护和管理；
5、拥有H3CSE  H3CNE，H3CTE等证书的优先考虑；
6、良好的沟通能力和合作精神、工作主动性强、耐心细致、责任心强，具有吃苦耐劳精神；
福利待遇：
做五休二,社保，新年红包"
网络工程师,数据中心网络,5-8K,深圳,深圳市爱讯智科技有限公司,"网络运维,安全运维,桌面运维",1-3年,社招,数据中心网络,2023/1/13,"1、计算机信息管理相关专业，1年以上桌面技术支持经验； 
  
2、具备基本的计算机操作系统、数据库、网络安全知识.
  
3、对主流服务器、网络设备、视频会议设备有了解 有大型会议支持优先考虑
 4. 有较强的沟通能力和服务意识，善于沟通和汇报，能够灵活应对各种突发事件，具有较强的计划、协调能力"
网络工程师,数据中心网络,4-6K,东莞,东莞物一网络科技有限公司,"网络建设/系统集成经验,网络运维经验,网络布局",3-5年,社招,数据中心网络,2023/1/13,"岗位职责：
1、负责网络及其设备的维护、管理、故障排除等日常工作，确保公司网络日常的正常运作；
2、熟练使用网络以及网络布线；
3、负责公司电脑、网线等安装、调试、维护等工作；
4、熟悉网络交换、路由设备，会修理和组装机器；
5、负责公司打印机的调试、维护等工作；
6、熟悉安装电脑主机配件及电脑故障维修；
7、安装和维护公司计算机、服务器系统软件和应用软件
任职要求：
1、熟悉计算机技术支持，三年以上经验优先；
2、具有公司网络布线、跳线等维护经验，较强的实际操作能力和解决问题能力
3、具有较强的沟通协调能力和主观能动性，能承受一定的工作压力
4、工作态度认真、负责、细致，责任心强，能吃苦耐劳。
上班时间：9：00-18：00 单休
月休四天，不包食宿
薪资4-6k，具体按面试定"
网络工程师,数据中心网络,4-5K,上海,上海金圭信息科技有限公司,"CCIE证书,网络工程师证,CCNP证书,CCNA证书,交换机配置,负载均衡,路由器配置,网络规划设计",经验不限,社招,数据中心网络,2023/1/13,"基本职责：
－从事网络安全方面的售前和售后技术支持工作。
专业能力要求：
－计算机或通信工程等相关专业本科以上学历，英语良好；
－两年以上相关行业和职位工作经验，熟悉主流的网络安全产品（Cisco、华为、华三、Juniper、Paloalto、F5、深信服、天融信等）；
－熟悉TCP/IP协议、主流网络服务及各行业相关IT安全法规；
－了解IT安全整体架构和虚拟化解决方案；
－良好的自我管理和团队合作精神；
－有Cisco、华为、华三技术认证者优先。"
网络维护专员,数据中心网络,3-4K,长春,长春市家和酒店管理有限公司,"交换机配置,故障处理,IDC建立,路由器配置,负载均衡,网络自动化,IDC维护",经验不限,社招,数据中心网络,2023/1/13,"开通网络
确保网络通畅"
（南航）网络运维,数据中心网络,7-8K,南京,南京盛佳建业科技有限责任公司,"网络运维经验,CCNA/CCNP,HCNA/HCNP,H3CNE",1-3年,社招,数据中心网络,2023/1/13,"1、具备电脑硬件知识，熟练掌握电脑组装，维修维护技能，故障诊断排除的技能强；
2、具备计算机软件的安装、维修维护的技能；
3、对网络设备基础调试排查经验
4、有1年以上网络行业技术支持经验；熟悉以太网协议，OSPF，MPLS VPN，TCP/IP协议，有一定网络设计及规化能力；
5、熟悉OSPF、BGP、VRRP、NAT等相关技术，熟悉业界主流厂商华为、华三交换机、防火墙等设备；
4、具备华三、华为、思科认证优先
5、驻场用户单位相关设备的技术支撑服务工作；
6、配合好公司做好用户关系维护工作；
要求:
1、有较强的表达沟通能力及团队协作能力；
2、大专以上学历，计算机及相关专业学历；
3、有责任心，做事认真踏实；
4、具备良好的职业道德和工作态度，具备一定的文字和规划能力，逻辑清晰"
网络维护专员,数据中心网络,5-6K,苏州,苏州市海纳网络科技有限公司,计算机相关专业,1年以内,社招,数据中心网络,2023/1/13,网络维护、集成项目施工、视频会议保障等。
软件网络工程,数据中心网络,5-10K,广州,广州衡联信息技术有限公司,"软件网络,网络工程,故障处理,IDC维护,技术人员,硬件",经验不限,社招,数据中心网络,2023/1/13,"IT技术支持工程师岗位职责：
1、负责公司软硬件项目实施；监控安装、无纸化办公、IT系统集成等项目实施；
2、负责整理客户调研、需求分析和应用解决方案的制定；
3、沟通、高效反馈、协调与解决项目实施过程中的相关问题；
4、完成公司上级领导下达的其它交办的任务。
任职要求：
1、中专及以上学历；有小车驾照的优先考虑；
2、具有良好的自我学习能力及钻研精神，能快速地适应新的工作环境、任务、新技术及方法；
2、曾参与IT系统集成实施与落地的项目优先考虑；
3、有监控安装、无纸化办公等方面项目经验优先考虑。"
高级网络工程师/架构师,数据中心网络,11-20K,上海,无锡联云世纪科技股份有限公司,"运维通信资格证书,CCIE证书,HCIE证书",3-5年,社招,数据中心网络,2023/1/13,"工作职责: 
1.    负责SDN云平台的架构设计和业务用例、规范和需求的开发和梳理工作；
2.    参与大规模网络业务的技术方案预研和设计；
3.    结合公司业务场景，负责新技术的预研及使用;
4、负责与内部团队（产品管理、开发、架构、运营、网络运维等）和外部渠道（主要客户、供应商、合作伙伴等）的技术对接与合作
任职资格：
1.    工程、电子、计算机科学、电信或相关专业，本科及以上学历，五年以上的工作经验；
2.    具有五年及以上电信网络、SDN或云平台软件工程和架构经验，包括控制器，编排，接口和API，开放接口（OpenFlow），传统网络管理接口（SNMP等）和流量工程（Segment Routing）考虑；
3.    深入了解基于SDN的数据中心技术、行业趋势（网络架构、技术、服务）；
4.    有大数据和机器学习经验者优先；
5.    逻辑思维能力强，善于与人沟通，具备一定的协调能力以及较强的敬业精神。
优先条件：
1.    有网络设备厂商工作经验的优先，有CCIE、HCIE或同等级别证书的优先；
2.    熟悉BGP、OpenFlow、Segment-Routing、Telemetry等协议者优先。
福利待遇：
薪资范围：10k-20k
薪资构成：基本工资（30%）+岗位工资（50%）+绩效奖金（20%，绩效奖金为浮动部分）
员工福利：完善的节假日福利、生日福利、员工旅游团建、年度福利体检等"
网络维护专员,数据中心网络,3-8K,东莞,东莞市雄龙贸易有限公司,弱电行业,1年以内,社招,数据中心网络,2023/1/13,"智能化工程：
1、楼宇自控系统工程
2、视频监控及防盗报警系统工程
3、停车场管理系统工程；
4、光纤入户通讯系统工程；
5、卫星及共用电视系统工程
6、综合布线系统工程
7、计算机网络系统工程
8、无线网络覆盖工程
9、公共广播系统工程；
10、物业管理系统工程
11、楼宇对讲系统工程；
12、出入口门禁及道闸系统工程
13、大屏幕显系统工程
14、信息发布系统工程
15、弱电机房工程"
网络维护人员,数据中心网络,4-6K,宁波,宁波永尚机械有限公司,计算机软件,3-5年,社招,数据中心网络,2023/1/13,网站的推广与维护，信息搜集，要求会做软件，网络实际应用推广
电脑网络维护,数据中心网络,3-5K,兰州,甘肃铁建商砼有限公司,运维通信资格证书,3-5年,社招,数据中心网络,2023/1/13,公司网络的日常维护，公司内部电脑的保养。
网络信息主管,数据中心网络,7-10K,金华,杭州能欣投资有限公司,"网络规划设计,故障处理,网络自动化",3-5年,社招,数据中心网络,2023/1/13,"岗位职责：
1、电脑在内的桌面设备安装调试，操作系统等软件问题处理；
2、简单网络设置，布线；
3、小型监控安装，布线；
4、为园区内商家提供相关网络服务；
5、会议相关设备调试、维护；
6、公司互联网平台后台运营维护；
7、公司仓储管理系统、运输管理系统维护。
岗位要求：
1、中专以上文化；
2、相关信息管理3年以上工作经验。"
网络规划（高薪急聘）,数据中心网络,18-30K,北京,中软国际科技服务有限公司,"网络运维经验,网络安全相关经验,网络建设/系统集成经验,CCIE,信息系统项目管理师",3-5年,社招,数据中心网络,2023/1/13,"本岗位为金融公司外包岗位，接受者优先。
外包岗位解释：与中软签合同，工作地点在与中软合作的项目上，我们每个项目都有自己的开发团队，岗位长期稳定，有去大厂学习的机会。
外派岗位优点：
1、机会多，好找工作
2、能接触很多复杂项目和规范的项目管理流程
3、较高的起步工资
4、进入客户公司的机会
岗位职责：
1、负责监管云网络规划、建设和运维工作；
2、负责证联网基础网络、网管系统和信息系统的规划建设工作；
3、负责北京核心节点的建设工作；
4、负责组织制定证联网建设、安全、运维标准、制度和规范；
5、负责线路接入、业务上线的受理、审核和跟踪。"
高级网络工程师,数据中心网络,7-10K,银川,宁夏艾米科技有限公司,"网络建设/系统集成经验,网络运维经验,网络安全相关经验,CCNA/CCNP,HCNA/HCNP",3-5年,社招,数据中心网络,2023/1/13,负责公司所有客户的网络配置，设备上架，故障调试，需出差甘肃，青海等
网络工程师（兼职）,数据中心网络,5-6K,三亚,北京海天云博科技有限公司,"交换机配置,路由器配置",1-3年,社招,数据中心网络,2023/1/13,熟悉 华为防火墙 路由 交换，vlan dhcp trunk. 服务器 raid 装系统pc 等。此岗位不需要坐班，有事就去，没事可忙自己业务，可协调时间。在三亚部队工作到年底。此项目半年左右，接受的可详谈（如果下班后再去，这种勿投）
网络运维工程师,数据中心网络,6-11K,北京,北京维实嘉业网络科技有限公司,"CCNP证书,CCNA证书,CCIE证书,交换机配置,路由器配置,桌面运维,it外包",1-3年,社招,数据中心网络,2023/1/13,"岗位职责：
1、负责给新客户开通网络和并给客户配置网络设备
2、对客户的售后网络故障进行上门诊断、排查、解决
3、对it外包客户的日常巡检及服务
4、负责配合销售部门维护客户关系，并对客户的网络需求进行收集
5、负责协助客户进行桌面运维工作
6、完成领导交办的其他工作
任职要求：
1、统招大专及以上学历，计算机网络或网络工程等相关专业，可接受实习生
2、有过驻地网络维护工作或服务过it外包客户者优先考虑
3、熟悉主流的网络通信设备的调试与维护
4、熟悉路由与交换技术，掌握VLAN、OSPF、BGP等数通网络
5、熟悉电子计算机的软硬件知识，打印机，投影仪等办公设备的连接与配置
6、具备较强的责任心、沟通能力及服务意识，有团队精神"
电信网络工程师,数据中心网络,5-10K,临沂,中国电信股份有限公司临沂河东区分公司,吃苦耐劳，有责任心,经验不限,社招,数据中心网络,2023/1/13,"招聘岗位：
1、营维经理：负责公司产品的安装，维护工作。
2、岗位要求：
（1）、年龄18-35周岁。
（2）、专科及以上学历。
（3）、有亲和力沟通能力强。
（4）、会简单的电脑操作，有良好的服务意识。
3、薪资待遇：五险一金，底薪+提成+奖金。"
网络安全工程师,数据中心网络,9-14K,贵阳,贵州优服科技有限公司,"网络运维,网络安全,云计算,实施工程师,运维工程师,IT技术支持",经验不限,社招,数据中心网络,2023/1/13,"年收入10-15万
工作职责：
1.支撑项目的售前阶段技术工作，包括深入技术交流，设备测试，协助完成售前测试工作开展和报告提交。
2.支撑项目的售后阶段技术工作，包括根据客户要求进行设备安装调试、3.网络规划和撰写网络项目实施方案、割接方案和竣工文档等等。
4.快速响应客户的技术请求，快速解决客户现场的故障诊断、结构调整优化。
5.负责按照公司及项目要求对其他人员进行技术相关培训，保障团队整体技术能力提升。
6.了解及掌握最新的产品功能，最新技术前沿理论，最新技术发展等。
7.完成下发的主动服务性工作，保障内部客户资料的共享和掌握。
8.负责自身业务能力及专业技术能力持续不断的提升。
9.负责项目工作内容中涉及的文档的撰写、校对及发送。
10.掌握主流厂商的设备安装调试、功能原理、技术支持等。
岗位要求
1.熟悉TCP/IP协议，掌握静态路由、NAT、VLAN、VPN、CA证书等具体的技术。
2.掌握visio制图，常用办公软件的使用。
3.有较强的沟通能力，团队意识，较强学习能力，文档编辑能力。
4.能够接受较大压力，频繁出差的情况。"
电信网络工程师,数据中心网络,3-5K,淄博,淄博祉默通信工程有限公司,项目施工,经验不限,社招,数据中心网络,2023/1/13,负责网络设备和网络环境的日常的维护、排错和管理，项目施工
高级网络工程师,数据中心网络,15-25K,深圳,深圳力劲科技有限公司,"CCNA/CCNP,PMP,信息系统项目管理师",5-10年,社招,数据中心网络,2023/1/13,"一、工作职责：
1、挖掘和发现整体网络运行体系中存在的问题和不足，制定方案并推动实施落地，保障网络快、稳定；
2、负责网络规划及网络安全设备并进行安全评估；
3、主导中大型网络项目相关的架构规划、实施方案设计、维护优化工作；
4、负责主流的安全工具，以及防护常见的DDOS、CC攻击；、
二、任职资格：
1、计算机、网络相关专业，本科以上学历，持有CCNP等相关资质优先；
2、精通网络体系架构，5年以上主导集团网络规划、运维管理经验，有乙方项目实施经验优先；
3、精通路由器、交换机、防火墙、安全设备部署、调试以及故障发现与排除，性能调试；
4、精通常用网络监控配置，以及安全设备进行部署调试、分析和维护，包括FW、IPS、WAF、漏扫等；
5、精通大型企业wifi设备部署、调试、调优、故障发现与排除；
6、具备良好的沟通能力、学习能力、抗压力。"
高级网络工程师,数据中心网络,4-6K,庆阳,甘肃讯通电子科技有限公司,"C/C++,故障处理,网络自动化",1-3年,社招,数据中心网络,2023/1/13,三年以上工作经验。具有项目现场协调沟通，工程实施及管理能力。能熟练使用CAD制图，ERP管理者优先，在施工组织，现场管理，深化设计方面有突出工作能力者优先。待遇优厚，工资面议
高级网络管理员,数据中心网络,5-7K,上海,上海庆湖实业有限公司,高级管理,经验不限,社招,数据中心网络,2023/1/13,"懂平面设计  ps  CAD
公司网站管理  兼营阿里店铺
有财务资格证书优先"
资深网络工程师,数据中心网络,5-10K,郑州,河南金数网科信息技术有限公司,"CCNP证书,运维通信资格证书,CCNA证书",3-5年,社招,数据中心网络,2023/1/13,"岗位职责：
1、负责公司系统集成项目中网络设备、IT设备的产品调试，维护；
2、负责公司和客户网络系统的设备维护、管理、故障排除等日常工作，确保网络日常的正常运行；
3、积极响应公司领导分配的工作任务；
4、客户的沟通汇报及关系维护。
职位要求：
1、大专及以上学历，计算机网络相关专业；
2、3年以上工作经验，有厂家或者总代工作经验者优先考虑；
3、独立调试主流网络设备、服务器、存储等IT设备，并对综合布线有一定的了解；
4、具有良好的沟通协调能力和责任心；
5、有思科CCNP、HCIP证书或同等级及以上网络证书者优先；
6、有高校校园网维护经验优先。
福利待遇：
1、高于同行业薪资+项目奖金+年终奖；
2、单双轮休，五险一金，带薪年假，
3、法定节假日正常休息及节日福利；
4、不定期团建活动。"
数据工程师,数据中心网络,18-30K,北京,北京同方软件有限公司,"计算机相关专业,大数据平台架构经验,大数据处理经验,数学/统计相关专业,数据治理工程师",3-5年,社招,数据中心网络,2023/1/13,"岗位职责：
1、负责大数据平台项目的实施工作，包括数据架构设计、模型构建、数据采集、清洗、转换等环节；
2、负责数据治理相关的用户交流、沟通，完成业务梳理和数据整合，制定技术方案并实现之；
3、负责规划和实施高质量的数据服务，进行大数据集群服务部署、业务监控和系统交付；
4、参与数据应用系统需求分析、建模、开发；
5、参与数据治理&管理体系规划、体系建设、培训宣传等工作。
任职资格：
1、全日制本科及以上学历，计算机、数学、统计等相关专业；有2年以上数据领域相关工作经验；
2、熟悉数据治理方法论、理解数据建模，有数据治理、ETL相关开发工作经验，能够牵头完成数据治理相关工作；
3、了解多项大数据处理/分析相关的工具/框架，如Hadoop、Hive、Storm、Spark等；
4、熟悉主流数据库技术，如MySQL、Oracle及Sql Server等；
5、了解ETL架构，了解日常作业的部署和调度，熟悉ETL开发工具，如Kettle、DataX等；
6、有大数据信息应用公司技术管理背景或相关数据平台开发工作经验，熟悉企业数据治理者优先。
7、有数据治理工程师相关证书优先。"
数据分析员,数据中心网络,4-8K,扬州,南京万得资讯科技有限公司,"Excel,SQL",经验不限,社招,数据中心网络,2023/1/13,"工作职责：
1、从事国内外公司、基金、债券、外汇、期货、宏观、行业等各类金融相关数据的收集、整理、录入、挖掘工作。
2、提供全球准确、及时的金融数据。
3、协助数据分析员开展数据分析工作。 
任职要求：
1、金融学、经济学、财会审计、统计、数学、信息管理等相关专业；
2、有较强的学习、归纳能力；
3、工作认真负责，吃苦耐劳，勤恳踏实；
4、部分岗位能够根据工作需要上早晚班；"
数据库开发,数据中心网络,13-20K,上海,中电金信软件有限公司,"Shell,数据迁移,银行",5-10年,社招,数据中心网络,2023/1/13,"1、负责数据仓库相关系统的建设，包括但不限于数据接入、数据清洗、数据挖掘、业务主题建模等。
2、对系统存在的问题进行跟踪和定位并及时解决。
3、精通MPP数据库，如GP、TD、高斯，或HADOOP生态下的hbase、hive、es等，具有以上数据平台的开发运维经验。
4、协助开发人员编写SQL或SQL优化，负责复杂SQL的编写。
5、具有较强的业务理解能力，能快速的将业务问题转化成具体的技术解决方案。
6、具有良好的沟通能力。"
数据管理员,数据中心网络,3-5K,乌鲁木齐,甘肃加吉速运有限公司新疆分公司,"电商,企业服务",经验不限,社招,数据中心网络,2023/1/13,"1整理票据~数据
2每周单休
所有任务公司统一安排，服从公司管理"
数据工程师,数据中心网络,10-15K,北京,深圳市明源云科技有限公司北京分公司,"数据处理,ETL,SQLServer",1-3年,社招,数据中心网络,2023/1/13,"支持北京公司各项目技术支持，参与售前方案支持、负责项目交付的技术工作：技术架构、接口、数据迁移、数据展示（报表、DMP）、数据巡检&修复
1、根据客户业务需求、管理口径，梳理客户系统的数据逻辑，构建报表
2、根据业务场景，分析跨子系统的业务数据对接关系，评估接口需求的可行性
3、根据客户CXO需求，与业务顾问配合，在大屏、小屏的交付中兑现CXO数据输出
4、通过巡检规则设定，保障数据的及时准确
说明一点:明源的研发团队在深圳和武汉，北京属于技术需求部，基于明源的ERP、大数据平台、做数据相关的交付工作，暂不做大数据产品的研发。"
数据管理员,数据中心网络,6-11K,北京,北京药海宁康医药科技有限公司,"临床研究,临床试验",1-3年,社招,数据中心网络,2023/1/13,"岗位职责：
1、按照CDISC标准，参与设计CRF和数据库；
2、参与项目启动工作，编写数据管理计划（DMP）与数据核查计划（DVP）等；
3、负责临床试验数据的核查、清理工作，在数据库中发布和解决质疑；
4、协助完成从EDC中提取、导出数据；
5、参与医学编码和药物编码工作，参与医学审核；
6、参与跟踪管理项目的整体进度，并更新进度报告；
7、参与完成数据库锁定（DBL）；
8、盲态报告
9、 负责完成进行数据管理工作中相关文档的管理；
任职要求：
1、流行病学与卫生统计学；统计学；卫生事业管理；医学信息学；计算机等专业
2、有数据库管理、数据库系统维护和开发经验优先考虑；
3、有数据库清洗经验优先考虑；
4、熟练使用Excel数据透视表/VLOOKUP等函数公式进行数据分析汇总；
5、细心，工作踏实。"
数据工程师,数据中心网络,25-50K,上海,上海福陟信息科技有限公司,"Python,Shell,SQL,Hadoop,Flink",3-5年,社招,数据中心网络,2023/1/13,"【岗位职责】：
1. 搭建、维护数据服务系统。根据需求对接数据源，整理数据及相关文档。
2. 调研、测试、优化数据系统相关工具，包括mariadb, clickhouse数据库以及hadoop, hive, flink等其他大数据相关框架。
3. 优化结算工作流程，降低运维支出，提高系统运行速度和稳定性。
【任职要求】：
1. 211/985本科及以上学历，数理、统计、计算机、电子等相关理工科专业。
2. 熟练使用Python、Shell、SQL等语言，能够快速完成数据相关的脚本开发。
3. 熟悉JupyterNotebook/Pandas等工具，能够快速完成数据分析工作。"
数据开发工程师,数据中心网络,10-15K,深圳,深圳市全息医疗科技有限公司,"SQLServer,ETL",3-5年,社招,数据中心网络,2023/1/13,"1、精通oracle，sqlserver，mysql等主流数据库。
2、熟悉ETL，BI，cognos等数据处理工具。
3、熟练使用Hadoop、Spark、Kafka、Hive、Hbase、Zookeeper等框架及原理。
4、熟悉VB开发。
5、1年以上DBA开发维护经验。
6、协助做报表二次分析，主动思考，热爱学习。
7、有数据中心，数据仓库建设经验优先。
8、有HIS、RIS/PACS、LIS、电子病历等相关医院信息化系统开发经验者优先"
设计中心经理,数据中心网络,30-50K,北京,东易日盛家居装饰集团股份有限公司,"销售管理,营销管理,团队管理",3-5年,社招,数据中心网络,2023/1/13,"岗位要求：
1、负责任务分解、协助盯控完成进度、转化率、参与客源分析提高业绩完成率；
2、负责关注满意度，双线回访客户，协调并及时解决相关问题；
3、负责店面所在商圈定位打造稳定的六大客源体系，积极有效的进行客源拓展活动；
4、负责设计师队伍的整合，确保各个层级设计师人员配置完善；
5、负责定期排查工地，检查工地营销、工地维护等情况；
6、负责审批下属提交的各项工作计划，并监督工作计划的实施。
任职资格：
1、设计类相关专业，大专以上学历；
2、3年装修或装修相关行业管理经验；
3、擅长店面管理、沟通协调能力强；
4、熟练使用自动化办公软件。"
房务中心文员,数据中心网络,3-4K,运城,运城建国饭店有限公司,"包吃,包住,夜班补助,加班费,绩效奖金,工龄奖",1年以内,社招,数据中心网络,2023/1/13,"客房报表统计，接听客人电话，客房服务。
职位招聘2人
薪资范围：3000-4000元/月
发薪日：10日
底薪：2500元/月
提成方式：计件提成；
奖金补贴：包吃·包住·夜班补助·加班费·绩效奖金·工龄奖"
设计中心经理,数据中心网络,6-10K,沈阳,北京大业美家家居装饰集团有限公司沈阳分公司,设计经理,1-3年,社招,数据中心网络,2023/1/13,"1、负责任务分解、协助盯控完成进度、转化率、参与客源分析提高业绩完成率；
2、负责关注满意度，双线回访客户，协调并及时解决相关问题；
3、负责设计师队伍的整合，确保各个层级设计师人员配置完善；
4、负责审批下属提交的各项工作计划，并监督工作计划的实施。"
工程中心总监,数据中心网络,15-25K,南宁,广西桂川建设集团有限公司,一级建造师,10年以上,社招,数据中心网络,2023/1/13,"一、岗位职责：
1、根据公司的战略发展，全面负责公司的施工项目管理工作，达成公司项目管理目标；
2、建立健全并落实公司项目管理体系（包括公司、项目部），组建管理团队；
3、聚焦公司各项目的服务质量、风险（特别是债务）管理及争先创优；
4、代表公司与相关行业主管部门对接、联系相关工作并维护良好关系。
二、任职要求：
1、年龄：35-50岁；
2、学历：全日制大专及以上学历，持一级建造师、高工证等优先；
3、知识技能：掌握工程管理专业知识，熟悉管理学知识，具备强烈的风险意识、成本意识；
4、工作经验：10年以上工程项目管理经验；有3年以上大中型建筑施工企业中高层管理岗位任职经验，担任过类似同级别的部门/模块负责人。"
英语中心干事,数据中心网络,4-5K,海口,海南枫叶国际学校,"教研,教务行政,英语",1-3年,社招,数据中心网络,2023/1/13,"学历本科以上，英语相关专业，口语流利，书写工整。
1.热爱教育事业。
2.热爱枫叶教育事业，理解枫叶教育理念，坚持中西优化结合的办学思想，具有“精诚育人、事争一流”的枫叶精神。
3.有较强的教学服务意识,并能按实际工作要求做好服务。
4.中文文笔功底好，擅长中文写作，能按要求、指导、或自己的领悟写出工作计划、项目方案、工作总结、工作报告、会议传达或展示的内容等。
5.良好的部门内、外的信息传达能力，做好工作沟通。
6.做好信息与数据的收集、整理、归纳、建档、归档。
7.做好常规性的英语查课并做好相关记录与统计。
8.做好部门团建活动的组织。
9. 做好教学、教研、和英语特色活动的辅助组织。
10. 做好外教的基本工作相关英语沟通。
11. 做好基本文件的翻译。
12. 善于并及时做好会议记录及纪要，及时翻译并提交，同时不要就会议内容做出不职业的行为，如向会议内容涉及到的部门传话引起负面情绪或误解等。"
瑜伽中心店长,数据中心网络,6-10K,德州,山东尚婵瑜伽有限公司,"门店运营管理,客诉管理",3-5年,社招,数据中心网络,2023/1/13,"1、全面主持店面的管理工作，配合总部的各项营销策略的实施；
2、制定高效定量的日常工作计划；
3、做好门店分工管理和日常事务工作；
4、组织各类培训，提高员工的专业素质和管理素质；
5、监督门店内外的清洁卫生，负责保卫、防火等作业管理；
6、妥善处理顾客投诉和服务工作中所发生的各种矛盾
1、大专及以上学历,责任心强；
2、有团队管理工作经验和较强的店务管理经验；
3、沟通能力佳，能够承受较大的工作强度和工作压力；
4、精通团队管理、客户管理、有健身相关工作经验者优先"
巴米罗造型中心,数据中心网络,3-5K,本溪,明山区巴米罗造型中心,"美发师,免费培训,晋升空间大,有无线网",1-3年,社招,数据中心网络,2023/1/13,工作认真，积极向上，勤奋好学
君越健康科技招聘供应链经理,数据中心网络,7-10K,湖州,浙江君越健康科技有限公司,"货物仓储,商品配送",1-3年,社招,数据中心网络,2023/1/13,"岗位职责
1、根据公司制定的年度战略目标，提出农产品配送中心的战略规划、经营计划、业务发展计划；
2、组织、监督配送中心各项规划和重要阶段工作计划的实施；
3、负责配送内部管理制度化、规范化；
4、负责协调农产品配送公司经营各环节及客户、供应商等工作的协作关系
6、对各部门的工作，协调各部门的内部业务。
7、负责监督农产品储运工作，保障配送能力，合理库存，建立高效物流配送体系。
8、处理公司重大突发事件。
9、做好总经理临时授权的其他工作。
岗位要求
1、有农产品配送管理经营经验优先
2、工作地点在莫干山南路村
3、包吃，五险
原标题：《配送中心经理》"
服务中心经理,数据中心网络,6-10K,沈阳,中鑫智联（辽宁）科技有限公司,"产品运营,销售运营,教育类,校区运营,渠道运营",1-3年,社招,数据中心网络,2023/1/13,"客服跟踪
来店接待
课程介绍"
大数据研发岗（初级）,数据中心网络,12-18K,济南,中国联合网络通信有限公司济南软件研究院,"SQL,Spark,Hadoop,Kafka,Sqoop,HIVE,Presto,Kylin",1-3年,社招,数据中心网络,2023/1/13,"一、岗位职责:
（一） 独立完成对接业务需求，制定数据分析和建模方案；
（二） 能够独自根据业务和建模需求，完成数据提取、清洗、加工等工作；
（三） 协助完成完成基于大数据平台技术组件的研发和建设；
（四）协助完成编写相关技术文档。
二、任职资格要求
（一）学历学位：国家计划内统招普通全日制本科及以上学历。
（二）年龄：不超过35周岁。
（三）专业要求：计算机、数学、统计、通信和信息系统等相关工科专业；
（四）专业技能
1. 熟悉数据库结构，熟练运用SQL等数据库语言，熟悉数据清洗、预处理与特征工程；
2. 了解大数据处理/分析相关的工具/框架，包括Hadoop, Hive、Spark、kylin、hbase、sqoop、presto、elasticsearch等。
3. 熟悉多种大数据技术/中间件/云技术组件（Spark/SparkStreaming、Flink、Hadoop、Hive、Hbase、Redis/Codis、Kafka、Dubbo、Mysql、K8s等）的技术特点、架构原理和试用场景，具备相关组件平台开发经验，在相关开源项目有源码贡献者优先；
4. 熟悉高性能、高并发、高可用性、高扩展性系统架构原理，熟悉大数据集群或大数据应用系统的设计规划；
5. 熟悉业务建模、数据仓库建模、ETL设计开发，具备体系化的数据质量与数据治理（元数据管理、数据质量管理、主数据管理等）相关经验者优先；
6. 了解数据中心／边缘计算，服务器硬件，计算技术（X86,ARM, GPU等），虚拟化等基础技术；
三、综合素质
1. 责任心强，善于团队协作，主动思考，自我驱动力强；
2. 诚实、踏实、认真负责，能承受一定强度的工作压力；
3. 具备良好的系统分析能力、抽象思维、和逻辑思维能力，能独立分析问题和解决问题"
数据/策略运营,数据中心网络,5-9K,上海,上海巨辰广告传媒有限公司,"本地生活/O2O,渠道数据分析经验,平台类产品,社区类产品,社交类产品,媒体类产品,大众点评,美团",3-5年,社招,数据中心网络,2023/1/13,"美团点评运营专员
岗位职责：
1、了解本地生活服务平台运营规则，整合公司内部资源负责客户的整体运营业务规划，并对最终运营营收结果负责；
2、监控并分析各阶段（日、周、月度、季度、年度）运营数据，优化调整CPC，提升运营深度与广度，持续优化运营质量；
3、关注行业趋势，分析收集市场信息，策划各类相关活动并推进执行，制作汇报各类运营计划与报告。
任职要求：
1、大专及以上学历，2年及以上运营工作经验；
2、有KA客户合作经验，熟悉本地生活服务平台运营规则，能准确分析并预测客户需求，针对市场变化能快速反应；
3、逻辑能力强，沟通能力强，以客户为中心，做事严谨对工作充满激情；具有较强的执行力与高度的团队精神，能适应高压工作并完成运营指标。"
商业数据分析,数据中心网络,3-5K,南阳,南阳一起创网络科技有限公司,数据分析办公室文员,经验不限,社招,数据中心网络,2023/1/13,"简单的网络调查问题，不需要专业知识，不需要销售，不需要外出，只要逻辑思维清晰，
做办公室，风不吹，日不晒，雨不淋，全年空调！
好高骛远者请勿打扰，我们招的是实实在在想挣钱的朋友，在公司没有上下级之分，都是一群想挣钱的95后，氛围活跃！！！"
数据采集专员,数据中心网络,3-6K,大连,长城宽带网络服务有限公司大连分公司,"数据分析,数据挖掘,数据整理,数据校验",经验不限,社招,数据中心网络,2023/1/13,"岗位职责：
通过客户对企业信息收集的要求，通过网络检索的方式，对数据进行收集、整合、纠错，对于部分未知信息进行电话确认。
1. 根据企业名称，通过网络查询的方式，将查询到的企业相关信息更新到文件中；
2. 对于更新的数据信息，进行整理、校验，进行数据的格式及逻辑纠错；
3. 对于网络未查询到的内容，通过电话方式进行确认补充。
岗位要求：
1、大专及以上学历，专业不限；
2、做事细心、耐心，工作态度认真负责；
3、熟练操作office办公软件。"
数据管理专员,数据中心网络,4-7K,太原,太原市新航道培训学校有限公司,统计/数学相关专业,1年以内,社招,数据中心网络,2023/1/13,"岗位职责：
1.数据的接入：通过电话、网络、地面各类渠道获取数据的统一汇总接入。
2.数据的分配：按照数据规则进行数据有效分配。
3.数据的分析和审核：基础业务需求，对数据进行各维度分析。
4.数据的激活：对被动数据进行挖掘和激活。
职位要求：
1.学历：全日制本科及以上学历，专业不限；
2.技能：具有较强的数据分析能力和一定的数据敏感度；
3.素养：较强的团队意识、沟通能力、领悟能力。"
数据合规经理,数据中心网络,20-25K,北京,北京华品博睿网络技术有限公司,"互联网,律师执业证,英语可作为工作语言,公司上市经验",3-5年,社招,数据中心网络,2023/1/13,"岗位职责：
1、独立支持产品数据相关法律合规评估工作，结合最新监管动向，提供业务改进建议与方案，保障数据相关业务合规开展；
2、开展法律政策、重要国家标准等文件的研判、跟踪与落地解读；
3、与学术研究单位等开展课题合作，形成专题报告；
4、定期组织产品数据合规培训贯宣活动；
5、组织、参与网络安全、数据相关研讨会议，扩大成果宣传与输出。
任职要求：
1、法律硕士及以上学历；
2、对互联网业务有深入理解，能够结合业务实际组织开展工作；
3、对数据、网络安全有一定积累，对国内外法律监管热点问题敏感且具备较强的跟踪研究能力；
4、3年以上数据合规、数据治理工作经验；
5、优秀者可适当放宽条件。"
数据中间件研发,数据中心网络,16-30K,成都,蚂蚁金服（杭州）网络技术有限公司,"Java,分布式技术,MySQL,Oracle,DB2",经验不限,社招,数据中心网络,2023/1/13,"团队介绍
参与蚂蚁数据流传输与转换平台的设计与研发。平台负责蚂蚁全站数据从在线存储、计算系统到离线计算、存储系统的数据流传输、转换、计算。包括在线数据库增量数据抓取、分布式数据流存储、Schema管理、外部索引与内部streaming计算能力等整套技术。
职位描述
1.精通Java/C++并发、网络编程，有良好的数据结构、算法功底；
2.掌握一个开源数据库（MySQL、Hbase等）数据变更日志（或redo）及获取方法；
3.对CAP、高可用架构、事务等理论有深入理解，并有一定的实践经验；
4.对Kafka、Confluent原理有深入理解并有过相关工程经验者优先；
5.对流式计算原理、常用框架及开源产品有深入理解者优先；
6.掌握SQL query engine、执行计划制定与优化相关原理，并有相关工程经验者优先。"
数据经理（cro）,数据中心网络,15-28K,北京,海博瑞（北京）数据科技有限公司,"临床研究,临床试验,CRO",3-5年,社招,数据中心网络,2023/1/13,"1.	除数据助理职责外，数据经理还需要完成如下工作：
2.	制订/维护数据管理质量体系文件与培训，并组织实施数据管理工作的质量控制；
3.	按照CDISC标准设计CRF与数据库；
4.	数据管理文档审阅与签署；
5.	医学编码审阅；
6.	组织与召开数据审核会议，参与统计分析人群划分；
7.	制订数据管理专业培训计划并开展培训；
8.	负责协助商务部进行数据管理相关费用测算等；
9.	跟踪行业信息发展，参与外部交流，不断改进数据管理流程、提高数据管理技术和能力，保持公司在行业中处于数据管理先进地位；
10.	负责提出数据管理软件升级的需求，并就此问题与相关部门的协调沟通；
11.	执行公司有关数据管理相关的其它任务；
12.	完成上级领导交办的其他工作任务等.
任职要求：
1.	医学/药学/数学/管理/计算机等相关专业本科及以上学历；
2.	熟悉临床研究相关的法律法规与临床试验数据管理流程；
3.	熟练使用Microsoft Office办公软件，具备基本的网络知识；
4.	2年以上数据管理工作经验，具备较好地统筹规划、人员协调管理能力；
5.	稳重细致，具有积极主动的工作态度，善于沟通，良好的组织协调能力，能独立处理工作，具有承受压力工作和面对挑战的能力。"
数据工程师,数据中心网络,5-10K,西安,陕西罗姆网络技术有限公司,"GIS,SQL",1-3年,社招,数据中心网络,2023/1/13,"适合专业：
计算机科学与技术、软件工程、计算机网络技术、计算机软件、信息工程、通信等相关专业。
数据工程师
工作职责：
1、熟悉掌握国内领先的导航电子地图数据规格，了解地图要素。能够根据高清影像识别、制作电子地图数据中的各类要素，并完成数据整理及数据检查工作。
2、能够快速的学习掌握数据制作的工艺、流程及规格，根据方案完成各要素的数据录入工作，熟悉oracel数据库，有MapInfo软件操作经验者优先。 
3、按时完成生产任务，工作细心善于自检，能够达到数据质量要求。
任职要求：
1、计算机、GIS、测绘、信息类相关专业专/本科及以上学历； 
2、计算机操作熟练，熟练地运用各种办公软件； 
3、较强的学习能力及抗压能力，工作踏实细心。"
数据标注专员,数据中心网络,3-5K,吕梁,孝义欣壹网络科技有限公司,"全职工作,数据标注,图片标注,文本标注,视频标注,描点标注,标框标注,接受加班,数据分析能力强",经验不限,社招,数据中心网络,2023/1/13,"1、有无工作经验均可（有图片标注经验者优先）；
2、会使用Office、WPS等办公软件，熟悉电脑基本操作流程，网络操作熟练，能用电脑进行日常办公，可适应单一重复
性工作；
3、具备良好的理解能力、沟通能力以及一定的逻辑思维能力；
4、工作踏实、认真细心，有耐心和责任心。"
挂号中心客服,数据中心网络,6-10K,无锡,无锡快康信息科技有限公司,"在线客服,微信客服,挂号客服,网络客服,客服专员,电商客服,电话客服,售前客服",经验不限,社招,数据中心网络,2023/1/13,"薪资待遇：
1、薪资结构：基本工资+岗位工资+绩效奖金+提成+其他补贴，综合薪资6500-8500
 
2、免费住宿+工作餐：拎包入住，四菜一汤、每天不重样
 
3、五险一金
 
4、年度健康体检
 
5、节日福利：购物卡、生日礼物、蛋糕
 
6、带薪假期：国家法定节假日，婚假、产假、丧假，带薪年假
 
7、工作满一年享有工龄津贴
 
8、各种奖项拿到手软：超额贡献奖、优秀员工奖、季度奖、年度奖
 
9、团建活动：员工生日趴、不定期聚餐，员工表彰会及其它体育活动等。
 
10、多元化晋升发展：
纵向：客服专员→资深客服→客服组长→主管助理→客服主管→客服总监，入职绩效达标当月就可晋升
横向：客服转岗→运营部、数据部、培训部等
                                                           
工作内容：
1、与患者在线沟通关于健康咨询、询医问诊等内容；
2、根据患者需求，有效推广医院的治疗项目、优惠套餐和医疗技术；
3、负责在医院网络挂号平台上给患者挂号"
JAVA开发工程师（大数据和AI中心）,数据中心网络,7-12K,重庆,中国电信股份有限公司重庆分公司,"后端工程师,Java,MySQL,Spring",5-10年,社招,数据中心网络,2023/1/13,"专业经历及能力要求:
1、学历（本科以上学历，计算机相关专业，5年以上工作经验。）
2、有扎实的Java语言基础，熟练掌握Java语言及相关开发工具；
3、精通SpringBoot、SpringCloud、Hibernate、SpringMvc等技术； 
4、熟练使用常用的前端框架，如React.js、Angular.js、node.js框架等；
5、具有丰富的oracle或mysql使用与开发经验；
6、熟悉Nginx、Tomcat等常见应用服务器；
7、熟悉项目构建工具，如：Maven、Gradle等
8、有具备良好的逻辑分析能力，对技术有强烈的兴趣，喜欢钻研；
9、良好的沟通技巧、团队合作精神，善于沟通和表达，有很强的责任心
10、工作积极主动、敬业，能承受较大工作压力。
岗位职责：
1、根据项目的需求、项目经理要求完成相关的工作
2、根据需求参与功能模块的需求分析，编写功能模块的概要设计文档
3、功能模块的代码编写、测试、部署和集成
4、对已有的产品功能模块进行升级和维护
5、新技术研究及创新
6、遵守开发流程及编写相关文档"
